sample_idx,session_index,epoch_idx,raw_label,label,label_name,split_role,split_seed,val_seed
0,0,1,T_5,2,yellow,test,42,2026
1,0,2,T_3,0,red,train,42,2026
2,0,3,T_4,1,orange,test,42,2026
3,0,5,T_8,5,blue,train,42,2026
4,0,6,T_6,3,green,test,42,2026
5,0,7,T_7,4,cyan,train,42,2026
6,0,8,T_9,6,purple,test,42,2026
7,0,11,T_3,0,red,test,42,2026
8,0,12,T_9,6,purple,test,42,2026
9,0,13,T_7,4,cyan,train,42,2026
10,0,14,T_8,5,blue,train,42,2026
11,0,15,T_4,1,orange,train,42,2026
12,0,16,T_5,2,yellow,validation,42,2026
13,0,17,T_6,3,green,test,42,2026
14,0,18,T_8,5,blue,train,42,2026
15,0,20,T_3,0,red,test,42,2026
16,0,22,T_5,2,yellow,test,42,2026
17,0,23,T_7,4,cyan,train,42,2026
18,0,24,T_6,3,green,train,42,2026
19,0,25,T_4,1,orange,train,42,2026
20,0,26,T_9,6,purple,train,42,2026
21,0,27,T_3,0,red,validation,42,2026
22,0,28,T_8,5,blue,validation,42,2026
23,0,29,T_7,4,cyan,test,42,2026
24,0,30,T_6,3,green,validation,42,2026
25,0,31,T_9,6,purple,test,42,2026
26,0,32,T_4,1,orange,train,42,2026
27,0,33,T_5,2,yellow,validation,42,2026
28,0,36,T_8,5,blue,test,42,2026
29,0,39,T_5,2,yellow,train,42,2026
30,0,40,T_3,0,red,validation,42,2026
31,0,41,T_6,3,green,validation,42,2026
32,0,42,T_9,6,purple,validation,42,2026
33,0,43,T_7,4,cyan,train,42,2026
34,0,44,T_4,1,orange,validation,42,2026
35,0,1,T_5,2,yellow,test,42,2026
36,0,2,T_3,0,red,train,42,2026
37,0,3,T_4,1,orange,train,42,2026
38,0,5,T_8,5,blue,test,42,2026
39,0,6,T_6,3,green,validation,42,2026
40,0,7,T_7,4,cyan,train,42,2026
41,0,8,T_9,6,purple,validation,42,2026
42,0,11,T_3,0,red,train,42,2026
43,0,12,T_9,6,purple,validation,42,2026
44,0,13,T_7,4,cyan,train,42,2026
45,0,14,T_8,5,blue,train,42,2026
46,0,15,T_4,1,orange,train,42,2026
47,0,16,T_5,2,yellow,train,42,2026
48,0,17,T_6,3,green,test,42,2026
49,0,18,T_8,5,blue,test,42,2026
50,0,20,T_3,0,red,validation,42,2026
51,0,22,T_5,2,yellow,train,42,2026
52,0,23,T_7,4,cyan,train,42,2026
53,0,24,T_6,3,green,train,42,2026
54,0,25,T_4,1,orange,test,42,2026
55,0,26,T_9,6,purple,train,42,2026
56,0,27,T_3,0,red,train,42,2026
57,0,28,T_8,5,blue,train,42,2026
58,0,29,T_7,4,cyan,train,42,2026
59,0,30,T_6,3,green,validation,42,2026
60,0,31,T_9,6,purple,validation,42,2026
61,0,32,T_4,1,orange,test,42,2026
62,0,33,T_5,2,yellow,test,42,2026
63,0,36,T_8,5,blue,train,42,2026
64,0,39,T_5,2,yellow,train,42,2026
65,0,40,T_3,0,red,train,42,2026
66,0,41,T_6,3,green,train,42,2026
67,0,42,T_9,6,purple,test,42,2026
68,0,43,T_7,4,cyan,train,42,2026
69,0,44,T_4,1,orange,validation,42,2026
70,0,1,T_5,2,yellow,train,42,2026
71,0,2,T_3,0,red,train,42,2026
72,0,3,T_4,1,orange,test,42,2026
73,0,5,T_8,5,blue,train,42,2026
74,0,6,T_6,3,green,test,42,2026
75,0,7,T_7,4,cyan,train,42,2026
76,0,8,T_9,6,purple,train,42,2026
77,0,11,T_3,0,red,train,42,2026
78,0,12,T_9,6,purple,test,42,2026
79,0,13,T_7,4,cyan,validation,42,2026
80,0,14,T_8,5,blue,train,42,2026
81,0,15,T_4,1,orange,train,42,2026
82,0,16,T_5,2,yellow,train,42,2026
83,0,17,T_6,3,green,train,42,2026
84,0,18,T_8,5,blue,train,42,2026
85,0,20,T_3,0,red,train,42,2026
86,0,22,T_5,2,yellow,train,42,2026
87,0,23,T_7,4,cyan,train,42,2026
88,0,24,T_6,3,green,train,42,2026
89,0,25,T_4,1,orange,train,42,2026
90,0,26,T_9,6,purple,train,42,2026
91,0,27,T_3,0,red,train,42,2026
92,0,28,T_8,5,blue,train,42,2026
93,0,29,T_7,4,cyan,train,42,2026
94,0,30,T_6,3,green,train,42,2026
95,0,31,T_9,6,purple,train,42,2026
96,0,32,T_4,1,orange,train,42,2026
97,0,33,T_5,2,yellow,train,42,2026
98,0,36,T_8,5,blue,test,42,2026
99,0,39,T_5,2,yellow,train,42,2026
100,0,40,T_3,0,red,test,42,2026
101,0,41,T_6,3,green,train,42,2026
102,0,42,T_9,6,purple,train,42,2026
103,0,43,T_7,4,cyan,train,42,2026
104,0,44,T_4,1,orange,test,42,2026
105,0,0,T_4,1,orange,train,42,2026
106,0,1,T_8,5,blue,validation,42,2026
107,0,2,T_6,3,green,test,42,2026
108,0,3,T_3,0,red,train,42,2026
109,0,5,T_9,6,purple,test,42,2026
110,0,6,T_5,2,yellow,train,42,2026
111,0,8,T_7,4,cyan,train,42,2026
112,0,9,T_8,5,blue,train,42,2026
113,0,10,T_6,3,green,train,42,2026
114,0,11,T_4,1,orange,train,42,2026
115,0,12,T_5,2,yellow,train,42,2026
116,0,14,T_3,0,red,train,42,2026
117,0,15,T_7,4,cyan,test,42,2026
118,0,17,T_9,6,purple,train,42,2026
119,0,18,T_8,5,blue,train,42,2026
120,0,19,T_5,2,yellow,validation,42,2026
121,0,20,T_7,4,cyan,train,42,2026
122,0,21,T_6,3,green,train,42,2026
123,0,22,T_3,0,red,validation,42,2026
124,0,23,T_9,6,purple,train,42,2026
125,0,25,T_4,1,orange,train,42,2026
126,0,27,T_6,3,green,train,42,2026
127,0,29,T_7,4,cyan,test,42,2026
128,0,30,T_5,2,yellow,validation,42,2026
129,0,31,T_4,1,orange,train,42,2026
130,0,32,T_3,0,red,validation,42,2026
131,0,33,T_9,6,purple,test,42,2026
132,0,34,T_8,5,blue,validation,42,2026
133,0,36,T_9,6,purple,train,42,2026
134,0,38,T_5,2,yellow,train,42,2026
135,0,40,T_3,0,red,validation,42,2026
136,0,41,T_8,5,blue,train,42,2026
137,0,42,T_4,1,orange,train,42,2026
138,0,43,T_7,4,cyan,validation,42,2026
139,0,44,T_6,3,green,train,42,2026
140,0,0,T_7,4,cyan,test,42,2026
141,0,1,T_9,6,purple,train,42,2026
142,0,2,T_4,1,orange,validation,42,2026
143,0,5,T_3,0,red,test,42,2026
144,0,6,T_5,2,yellow,train,42,2026
145,0,7,T_8,5,blue,train,42,2026
146,0,8,T_6,3,green,train,42,2026
147,0,9,T_7,4,cyan,train,42,2026
148,0,10,T_6,3,green,train,42,2026
149,0,11,T_8,5,blue,test,42,2026
150,0,12,T_5,2,yellow,train,42,2026
151,0,13,T_9,6,purple,train,42,2026
152,0,16,T_3,0,red,test,42,2026
153,0,17,T_4,1,orange,validation,42,2026
154,0,18,T_5,2,yellow,train,42,2026
155,0,19,T_7,4,cyan,train,42,2026
156,0,20,T_4,1,orange,train,42,2026
157,0,21,T_3,0,red,validation,42,2026
158,0,23,T_6,3,green,test,42,2026
159,0,24,T_9,6,purple,train,42,2026
160,0,25,T_8,5,blue,train,42,2026
161,0,27,T_6,3,green,train,42,2026
162,0,28,T_5,2,yellow,validation,42,2026
163,0,30,T_9,6,purple,test,42,2026
164,0,31,T_8,5,blue,train,42,2026
165,0,33,T_7,4,cyan,train,42,2026
166,0,34,T_4,1,orange,train,42,2026
167,0,35,T_3,0,red,test,42,2026
168,0,36,T_4,1,orange,validation,42,2026
169,0,38,T_9,6,purple,train,42,2026
170,0,39,T_3,0,red,train,42,2026
171,0,40,T_5,2,yellow,train,42,2026
172,0,41,T_7,4,cyan,train,42,2026
173,0,42,T_6,3,green,train,42,2026
174,0,43,T_8,5,blue,train,42,2026
175,0,0,T_6,3,green,train,42,2026
176,0,2,T_5,2,yellow,train,42,2026
177,0,3,T_9,6,purple,train,42,2026
178,0,4,T_7,4,cyan,train,42,2026
179,0,5,T_8,5,blue,train,42,2026
180,0,7,T_3,0,red,train,42,2026
181,0,8,T_4,1,orange,train,42,2026
182,0,10,T_6,3,green,train,42,2026
183,0,11,T_4,1,orange,train,42,2026
184,0,13,T_8,5,blue,validation,42,2026
185,0,14,T_5,2,yellow,test,42,2026
186,0,15,T_7,4,cyan,test,42,2026
187,0,16,T_9,6,purple,train,42,2026
188,0,17,T_3,0,red,train,42,2026
189,0,18,T_3,0,red,train,42,2026
190,0,19,T_4,1,orange,train,42,2026
191,0,20,T_9,6,purple,train,42,2026
192,0,21,T_8,5,blue,train,42,2026
193,0,22,T_5,2,yellow,test,42,2026
194,0,24,T_7,4,cyan,test,42,2026
195,0,26,T_6,3,green,train,42,2026
196,0,27,T_8,5,blue,train,42,2026
197,0,28,T_9,6,purple,validation,42,2026
198,0,29,T_7,4,cyan,train,42,2026
199,0,30,T_3,0,red,train,42,2026
200,0,31,T_5,2,yellow,validation,42,2026
201,0,32,T_4,1,orange,test,42,2026
202,0,33,T_6,3,green,train,42,2026
203,0,37,T_6,3,green,validation,42,2026
204,0,38,T_7,4,cyan,test,42,2026
205,0,40,T_3,0,red,test,42,2026
206,0,41,T_8,5,blue,train,42,2026
207,0,42,T_4,1,orange,train,42,2026
208,0,43,T_9,6,purple,validation,42,2026
209,0,44,T_5,2,yellow,test,42,2026
210,0,1,T_8,5,blue,train,42,2026
211,0,3,T_9,6,purple,validation,42,2026
212,0,4,T_3,0,red,train,42,2026
213,0,5,T_6,3,green,test,42,2026
214,0,6,T_5,2,yellow,train,42,2026
215,0,7,T_7,4,cyan,train,42,2026
216,0,8,T_4,1,orange,train,42,2026
217,0,10,T_8,5,blue,validation,42,2026
218,0,11,T_3,0,red,train,42,2026
219,0,12,T_7,4,cyan,train,42,2026
220,0,13,T_4,1,orange,train,42,2026
221,0,14,T_9,6,purple,test,42,2026
222,0,15,T_5,2,yellow,train,42,2026
223,0,17,T_6,3,green,train,42,2026
224,0,18,T_8,5,blue,train,42,2026
225,0,19,T_9,6,purple,test,42,2026
226,0,20,T_5,2,yellow,train,42,2026
227,0,22,T_3,0,red,train,42,2026
228,0,23,T_6,3,green,test,42,2026
229,0,24,T_7,4,cyan,train,42,2026
230,0,26,T_4,1,orange,test,42,2026
231,0,27,T_5,2,yellow,validation,42,2026
232,0,29,T_8,5,blue,validation,42,2026
233,0,30,T_9,6,purple,train,42,2026
234,0,31,T_4,1,orange,train,42,2026
235,0,32,T_7,4,cyan,validation,42,2026
236,0,33,T_6,3,green,validation,42,2026
237,0,34,T_3,0,red,train,42,2026
238,0,36,T_7,4,cyan,test,42,2026
239,0,38,T_6,3,green,train,42,2026
240,0,39,T_4,1,orange,test,42,2026
241,0,40,T_9,6,purple,test,42,2026
242,0,42,T_5,2,yellow,train,42,2026
243,0,43,T_3,0,red,train,42,2026
244,0,44,T_8,5,blue,validation,42,2026
245,0,1,T_9,6,purple,train,42,2026
246,0,2,T_6,3,green,train,42,2026
247,0,3,T_7,4,cyan,train,42,2026
248,0,4,T_3,0,red,validation,42,2026
249,0,6,T_4,1,orange,train,42,2026
250,0,7,T_5,2,yellow,train,42,2026
251,0,8,T_8,5,blue,validation,42,2026
252,0,10,T_3,0,red,train,42,2026
253,0,11,T_4,1,orange,train,42,2026
254,0,12,T_6,3,green,train,42,2026
255,0,13,T_7,4,cyan,train,42,2026
256,0,14,T_5,2,yellow,test,42,2026
257,0,15,T_8,5,blue,validation,42,2026
258,0,17,T_9,6,purple,train,42,2026
259,0,18,T_3,0,red,test,42,2026
260,0,19,T_6,3,green,train,42,2026
261,0,20,T_4,1,orange,train,42,2026
262,0,23,T_7,4,cyan,train,42,2026
263,0,24,T_5,2,yellow,validation,42,2026
264,0,25,T_9,6,purple,train,42,2026
265,0,26,T_8,5,blue,train,42,2026
266,0,27,T_5,2,yellow,train,42,2026
267,0,28,T_6,3,green,test,42,2026
268,0,29,T_3,0,red,train,42,2026
269,0,31,T_8,5,blue,train,42,2026
270,0,32,T_7,4,cyan,validation,42,2026
271,0,33,T_4,1,orange,train,42,2026
272,0,35,T_9,6,purple,train,42,2026
273,0,36,T_3,0,red,train,42,2026
274,0,37,T_5,2,yellow,train,42,2026
275,0,38,T_6,3,green,test,42,2026
276,0,39,T_4,1,orange,train,42,2026
277,0,41,T_9,6,purple,train,42,2026
278,0,42,T_7,4,cyan,train,42,2026
279,0,44,T_8,5,blue,train,42,2026
280,0,0,T_3,0,red,train,42,2026
281,0,1,T_9,6,purple,train,42,2026
282,0,3,T_8,5,blue,train,42,2026
283,0,4,T_7,4,cyan,train,42,2026
284,0,5,T_4,1,orange,test,42,2026
285,0,7,T_6,3,green,train,42,2026
286,0,8,T_5,2,yellow,train,42,2026
287,0,9,T_7,4,cyan,train,42,2026
288,0,10,T_5,2,yellow,train,42,2026
289,0,11,T_4,1,orange,train,42,2026
290,0,12,T_9,6,purple,validation,42,2026
291,0,14,T_6,3,green,test,42,2026
292,0,16,T_3,0,red,train,42,2026
293,0,17,T_8,5,blue,test,42,2026
294,0,18,T_3,0,red,validation,42,2026
295,0,19,T_6,3,green,train,42,2026
296,0,20,T_4,1,orange,train,42,2026
297,0,21,T_9,6,purple,train,42,2026
298,0,22,T_8,5,blue,validation,42,2026
299,0,23,T_7,4,cyan,train,42,2026
300,0,26,T_5,2,yellow,train,42,2026
301,0,27,T_6,3,green,train,42,2026
302,0,28,T_9,6,purple,train,42,2026
303,0,29,T_8,5,blue,train,42,2026
304,0,31,T_7,4,cyan,test,42,2026
305,0,33,T_3,0,red,train,42,2026
306,0,34,T_4,1,orange,train,42,2026
307,0,35,T_5,2,yellow,test,42,2026
308,0,37,T_5,2,yellow,train,42,2026
309,0,38,T_7,4,cyan,train,42,2026
310,0,40,T_9,6,purple,train,42,2026
311,0,41,T_3,0,red,validation,42,2026
312,0,42,T_8,5,blue,train,42,2026
313,0,43,T_4,1,orange,test,42,2026
314,0,44,T_6,3,green,train,42,2026
315,0,0,T_3,0,red,train,42,2026
316,0,1,T_4,1,orange,validation,42,2026
317,0,2,T_5,2,yellow,train,42,2026
318,0,5,T_8,5,blue,validation,42,2026
319,0,6,T_7,4,cyan,train,42,2026
320,0,7,T_6,3,green,validation,42,2026
321,0,8,T_9,6,purple,train,42,2026
322,0,9,T_4,1,orange,validation,42,2026
323,0,10,T_7,4,cyan,train,42,2026
324,0,11,T_6,3,green,validation,42,2026
325,0,12,T_5,2,yellow,train,42,2026
326,0,13,T_9,6,purple,train,42,2026
327,0,14,T_3,0,red,train,42,2026
328,0,15,T_8,5,blue,train,42,2026
329,0,18,T_4,1,orange,validation,42,2026
330,0,19,T_7,4,cyan,test,42,2026
331,0,21,T_6,3,green,test,42,2026
332,0,22,T_5,2,yellow,train,42,2026
333,0,23,T_3,0,red,train,42,2026
334,0,24,T_9,6,purple,train,42,2026
335,0,25,T_8,5,blue,train,42,2026
336,0,27,T_9,6,purple,train,42,2026
337,0,29,T_7,4,cyan,test,42,2026
338,0,30,T_8,5,blue,test,42,2026
339,0,31,T_4,1,orange,train,42,2026
340,0,32,T_5,2,yellow,validation,42,2026
341,0,33,T_6,3,green,train,42,2026
342,0,35,T_3,0,red,train,42,2026
343,0,36,T_7,4,cyan,train,42,2026
344,0,37,T_4,1,orange,train,42,2026
345,0,38,T_9,6,purple,test,42,2026
346,0,39,T_3,0,red,train,42,2026
347,0,40,T_8,5,blue,train,42,2026
348,0,43,T_6,3,green,test,42,2026
349,0,44,T_5,2,yellow,validation,42,2026
350,0,0,T_9,6,purple,train,42,2026
351,0,1,T_5,2,yellow,test,42,2026
352,0,2,T_6,3,green,train,42,2026
353,0,3,T_3,0,red,train,42,2026
354,0,4,T_4,1,orange,train,42,2026
355,0,7,T_8,5,blue,train,42,2026
356,0,8,T_7,4,cyan,train,42,2026
357,0,9,T_4,1,orange,train,42,2026
358,0,10,T_8,5,blue,test,42,2026
359,0,11,T_5,2,yellow,train,42,2026
360,0,14,T_6,3,green,train,42,2026
361,0,15,T_9,6,purple,train,42,2026
362,0,16,T_3,0,red,test,42,2026
363,0,17,T_7,4,cyan,train,42,2026
364,0,18,T_4,1,orange,train,42,2026
365,0,19,T_6,3,green,validation,42,2026
366,0,21,T_7,4,cyan,validation,42,2026
367,0,22,T_8,5,blue,test,42,2026
368,0,23,T_9,6,purple,train,42,2026
369,0,24,T_3,0,red,test,42,2026
370,0,25,T_5,2,yellow,train,42,2026
371,0,27,T_7,4,cyan,train,42,2026
372,0,28,T_3,0,red,train,42,2026
373,0,29,T_8,5,blue,test,42,2026
374,0,31,T_9,6,purple,train,42,2026
375,0,32,T_4,1,orange,train,42,2026
376,0,34,T_6,3,green,train,42,2026
377,0,35,T_5,2,yellow,train,42,2026
378,0,36,T_5,2,yellow,train,42,2026
379,0,37,T_9,6,purple,validation,42,2026
380,0,38,T_6,3,green,train,42,2026
381,0,40,T_3,0,red,train,42,2026
382,0,41,T_8,5,blue,train,42,2026
383,0,42,T_4,1,orange,validation,42,2026
384,0,44,T_7,4,cyan,validation,42,2026
385,0,0,T_3,0,red,train,42,2026
386,0,1,T_7,4,cyan,train,42,2026
387,0,4,T_9,6,purple,validation,42,2026
388,0,5,T_8,5,blue,train,42,2026
389,0,6,T_5,2,yellow,train,42,2026
390,0,7,T_4,1,orange,train,42,2026
391,0,8,T_6,3,green,train,42,2026
392,0,9,T_6,3,green,test,42,2026
393,0,11,T_9,6,purple,train,42,2026
394,0,12,T_7,4,cyan,train,42,2026
395,0,13,T_3,0,red,train,42,2026
396,0,14,T_8,5,blue,train,42,2026
397,0,16,T_4,1,orange,train,42,2026
398,0,17,T_5,2,yellow,train,42,2026
399,0,18,T_7,4,cyan,validation,42,2026
400,0,20,T_3,0,red,validation,42,2026
401,0,22,T_5,2,yellow,train,42,2026
402,0,23,T_4,1,orange,validation,42,2026
403,0,24,T_6,3,green,train,42,2026
404,0,25,T_8,5,blue,test,42,2026
405,0,26,T_9,6,purple,test,42,2026
406,0,27,T_4,1,orange,train,42,2026
407,0,29,T_3,0,red,validation,42,2026
408,0,30,T_8,5,blue,train,42,2026
409,0,32,T_7,4,cyan,validation,42,2026
410,0,33,T_5,2,yellow,train,42,2026
411,0,34,T_9,6,purple,train,42,2026
412,0,35,T_6,3,green,train,42,2026
413,0,36,T_4,1,orange,test,42,2026
414,0,37,T_8,5,blue,test,42,2026
415,0,38,T_3,0,red,test,42,2026
416,0,39,T_9,6,purple,train,42,2026
417,0,41,T_6,3,green,test,42,2026
418,0,43,T_5,2,yellow,train,42,2026
419,0,44,T_7,4,cyan,train,42,2026
420,0,0,T_4,1,orange,validation,42,2026
421,0,1,T_5,2,yellow,train,42,2026
422,0,2,T_8,5,blue,train,42,2026
423,0,3,T_3,0,red,test,42,2026
424,0,4,T_7,4,cyan,test,42,2026
425,0,5,T_9,6,purple,train,42,2026
426,0,6,T_6,3,green,train,42,2026
427,0,9,T_5,2,yellow,test,42,2026
428,0,10,T_8,5,blue,test,42,2026
429,0,11,T_6,3,green,validation,42,2026
430,0,13,T_7,4,cyan,train,42,2026
431,0,14,T_9,6,purple,validation,42,2026
432,0,16,T_4,1,orange,train,42,2026
433,0,17,T_3,0,red,train,42,2026
434,0,20,T_4,1,orange,test,42,2026
435,0,21,T_3,0,red,train,42,2026
436,0,22,T_9,6,purple,train,42,2026
437,0,23,T_7,4,cyan,train,42,2026
438,0,24,T_5,2,yellow,train,42,2026
439,0,25,T_8,5,blue,train,42,2026
440,0,26,T_6,3,green,train,42,2026
441,0,27,T_6,3,green,train,42,2026
442,0,28,T_3,0,red,test,42,2026
443,0,30,T_5,2,yellow,train,42,2026
444,0,31,T_4,1,orange,train,42,2026
445,0,32,T_8,5,blue,validation,42,2026
446,0,33,T_9,6,purple,train,42,2026
447,0,34,T_7,4,cyan,test,42,2026
448,0,36,T_9,6,purple,train,42,2026
449,0,37,T_3,0,red,train,42,2026
450,0,38,T_5,2,yellow,validation,42,2026
451,0,40,T_8,5,blue,train,42,2026
452,0,41,T_4,1,orange,test,42,2026
453,0,42,T_7,4,cyan,train,42,2026
454,0,44,T_6,3,green,train,42,2026
455,0,1,T_3,0,red,train,42,2026
456,0,2,T_7,4,cyan,train,42,2026
457,0,3,T_9,6,purple,test,42,2026
458,0,4,T_6,3,green,train,42,2026
459,0,6,T_8,5,blue,train,42,2026
460,0,7,T_4,1,orange,train,42,2026
461,0,8,T_5,2,yellow,validation,42,2026
462,0,9,T_8,5,blue,train,42,2026
463,0,10,T_7,4,cyan,train,42,2026
464,0,12,T_3,0,red,validation,42,2026
465,0,13,T_6,3,green,train,42,2026
466,0,14,T_4,1,orange,test,42,2026
467,0,15,T_5,2,yellow,train,42,2026
468,0,16,T_9,6,purple,train,42,2026
469,0,18,T_6,3,green,train,42,2026
470,0,20,T_9,6,purple,train,42,2026
471,0,21,T_7,4,cyan,validation,42,2026
472,0,22,T_4,1,orange,train,42,2026
473,0,24,T_3,0,red,train,42,2026
474,0,25,T_5,2,yellow,train,42,2026
475,0,26,T_8,5,blue,train,42,2026
476,0,28,T_8,5,blue,train,42,2026
477,0,29,T_6,3,green,train,42,2026
478,0,31,T_3,0,red,train,42,2026
479,0,32,T_7,4,cyan,test,42,2026
480,0,33,T_9,6,purple,test,42,2026
481,0,34,T_4,1,orange,train,42,2026
482,0,35,T_5,2,yellow,train,42,2026
483,0,36,T_4,1,orange,validation,42,2026
484,0,39,T_6,3,green,validation,42,2026
485,0,40,T_5,2,yellow,train,42,2026
486,0,41,T_9,6,purple,train,42,2026
487,0,42,T_8,5,blue,test,42,2026
488,0,43,T_7,4,cyan,validation,42,2026
489,0,44,T_3,0,red,test,42,2026
490,0,0,T_8,5,blue,train,42,2026
491,0,1,T_5,2,yellow,test,42,2026
492,0,3,T_3,0,red,train,42,2026
493,0,4,T_9,6,purple,train,42,2026
494,0,6,T_4,1,orange,test,42,2026
495,0,7,T_7,4,cyan,train,42,2026
496,0,8,T_6,3,green,train,42,2026
497,0,10,T_7,4,cyan,validation,42,2026
498,0,11,T_5,2,yellow,test,42,2026
499,0,12,T_4,1,orange,train,42,2026
500,0,13,T_6,3,green,train,42,2026
501,0,14,T_3,0,red,test,42,2026
502,0,16,T_8,5,blue,train,42,2026
503,0,17,T_9,6,purple,train,42,2026
504,0,18,T_3,0,red,train,42,2026
505,0,20,T_8,5,blue,test,42,2026
506,0,21,T_9,6,purple,test,42,2026
507,0,22,T_6,3,green,train,42,2026
508,0,23,T_7,4,cyan,train,42,2026
509,0,25,T_5,2,yellow,train,42,2026
510,0,26,T_4,1,orange,train,42,2026
511,0,28,T_9,6,purple,train,42,2026
512,0,29,T_5,2,yellow,test,42,2026
513,0,31,T_6,3,green,validation,42,2026
514,0,32,T_7,4,cyan,train,42,2026
515,0,33,T_8,5,blue,train,42,2026
516,0,34,T_3,0,red,train,42,2026
517,0,35,T_4,1,orange,test,42,2026
518,0,36,T_9,6,purple,train,42,2026
519,0,38,T_5,2,yellow,test,42,2026
520,0,39,T_3,0,red,test,42,2026
521,0,40,T_6,3,green,train,42,2026
522,0,42,T_7,4,cyan,test,42,2026
523,0,43,T_4,1,orange,train,42,2026
524,0,44,T_8,5,blue,train,42,2026
525,0,0,T_8,5,blue,train,42,2026
526,0,1,T_6,3,green,train,42,2026
527,0,2,T_3,0,red,train,42,2026
528,0,3,T_4,1,orange,train,42,2026
529,0,5,T_5,2,yellow,validation,42,2026
530,0,6,T_9,6,purple,train,42,2026
531,0,8,T_7,4,cyan,validation,42,2026
532,0,9,T_7,4,cyan,train,42,2026
533,0,10,T_4,1,orange,train,42,2026
534,0,12,T_3,0,red,train,42,2026
535,0,14,T_6,3,green,test,42,2026
536,0,15,T_9,6,purple,validation,42,2026
537,0,16,T_8,5,blue,train,42,2026
538,0,17,T_5,2,yellow,train,42,2026
539,0,18,T_5,2,yellow,train,42,2026
540,0,19,T_6,3,green,validation,42,2026
541,0,20,T_9,6,purple,validation,42,2026
542,0,22,T_3,0,red,train,42,2026
543,0,23,T_7,4,cyan,train,42,2026
544,0,25,T_4,1,orange,train,42,2026
545,0,26,T_8,5,blue,test,42,2026
546,0,28,T_9,6,purple,train,42,2026
547,0,29,T_4,1,orange,train,42,2026
548,0,30,T_5,2,yellow,test,42,2026
549,0,31,T_3,0,red,train,42,2026
550,0,32,T_8,5,blue,train,42,2026
551,0,33,T_6,3,green,train,42,2026
552,0,35,T_7,4,cyan,train,42,2026
553,0,37,T_9,6,purple,train,42,2026
554,0,39,T_8,5,blue,validation,42,2026
555,0,40,T_6,3,green,train,42,2026
556,0,41,T_5,2,yellow,train,42,2026
557,0,42,T_7,4,cyan,test,42,2026
558,0,43,T_4,1,orange,validation,42,2026
559,0,44,T_3,0,red,train,42,2026
560,1,0,T_4,1,orange,test,42,2026
561,1,1,T_8,5,blue,train,42,2026
562,1,4,T_7,4,cyan,train,42,2026
563,1,5,T_5,2,yellow,test,42,2026
564,1,6,T_9,6,purple,train,42,2026
565,1,7,T_3,0,red,train,42,2026
566,1,8,T_6,3,green,test,42,2026
567,1,9,T_5,2,yellow,validation,42,2026
568,1,10,T_6,3,green,validation,42,2026
569,1,11,T_7,4,cyan,train,42,2026
570,1,13,T_3,0,red,test,42,2026
571,1,14,T_9,6,purple,train,42,2026
572,1,15,T_8,5,blue,train,42,2026
573,1,16,T_4,1,orange,train,42,2026
574,1,18,T_7,4,cyan,train,42,2026
575,1,19,T_9,6,purple,train,42,2026
576,1,20,T_3,0,red,test,42,2026
577,1,21,T_8,5,blue,train,42,2026
578,1,23,T_6,3,green,train,42,2026
579,1,24,T_4,1,orange,train,42,2026
580,1,26,T_5,2,yellow,test,42,2026
581,1,27,T_5,2,yellow,train,42,2026
582,1,28,T_7,4,cyan,train,42,2026
583,1,29,T_6,3,green,train,42,2026
584,1,30,T_4,1,orange,validation,42,2026
585,1,31,T_9,6,purple,validation,42,2026
586,1,32,T_8,5,blue,validation,42,2026
587,1,34,T_3,0,red,validation,42,2026
588,1,36,T_6,3,green,train,42,2026
589,1,37,T_7,4,cyan,test,42,2026
590,1,38,T_4,1,orange,train,42,2026
591,1,39,T_5,2,yellow,train,42,2026
592,1,40,T_9,6,purple,test,42,2026
593,1,41,T_8,5,blue,train,42,2026
594,1,44,T_3,0,red,train,42,2026
595,1,0,T_8,5,blue,train,42,2026
596,1,1,T_6,3,green,validation,42,2026
597,1,2,T_5,2,yellow,test,42,2026
598,1,3,T_3,0,red,train,42,2026
599,1,6,T_9,6,purple,train,42,2026
600,1,7,T_7,4,cyan,train,42,2026
601,1,8,T_4,1,orange,validation,42,2026
602,1,9,T_8,5,blue,train,42,2026
603,1,10,T_4,1,orange,train,42,2026
604,1,11,T_9,6,purple,train,42,2026
605,1,12,T_7,4,cyan,train,42,2026
606,1,15,T_3,0,red,train,42,2026
607,1,16,T_6,3,green,validation,42,2026
608,1,17,T_5,2,yellow,train,42,2026
609,1,0,T_6,3,green,train,42,2026
610,1,2,T_7,4,cyan,test,42,2026
611,1,3,T_4,1,orange,test,42,2026
612,1,4,T_8,5,blue,test,42,2026
613,1,6,T_5,2,yellow,test,42,2026
614,1,7,T_9,6,purple,train,42,2026
615,1,8,T_3,0,red,train,42,2026
616,1,9,T_3,0,red,train,42,2026
617,1,12,T_6,3,green,train,42,2026
618,1,13,T_9,6,purple,train,42,2026
619,1,14,T_7,4,cyan,train,42,2026
620,1,15,T_8,5,blue,train,42,2026
621,1,16,T_5,2,yellow,validation,42,2026
622,1,17,T_4,1,orange,test,42,2026
623,1,19,T_9,6,purple,test,42,2026
624,1,20,T_5,2,yellow,validation,42,2026
625,1,21,T_6,3,green,train,42,2026
626,1,22,T_7,4,cyan,validation,42,2026
627,1,24,T_3,0,red,validation,42,2026
628,1,25,T_8,5,blue,train,42,2026
629,1,26,T_4,1,orange,train,42,2026
630,1,0,T_8,5,blue,train,42,2026
631,1,2,T_3,0,red,train,42,2026
632,1,3,T_5,2,yellow,train,42,2026
633,1,4,T_7,4,cyan,validation,42,2026
634,1,5,T_9,6,purple,validation,42,2026
635,1,7,T_4,1,orange,test,42,2026
636,1,8,T_6,3,green,test,42,2026
637,1,10,T_9,6,purple,validation,42,2026
638,1,11,T_8,5,blue,validation,42,2026
639,1,12,T_3,0,red,validation,42,2026
640,1,13,T_5,2,yellow,train,42,2026
641,1,14,T_4,1,orange,train,42,2026
642,1,15,T_7,4,cyan,train,42,2026
643,1,16,T_6,3,green,train,42,2026
644,1,19,T_3,0,red,train,42,2026
645,1,20,T_6,3,green,train,42,2026
646,1,21,T_7,4,cyan,train,42,2026
647,1,22,T_8,5,blue,validation,42,2026
648,1,23,T_5,2,yellow,train,42,2026
649,1,24,T_9,6,purple,train,42,2026
650,1,25,T_4,1,orange,train,42,2026
651,1,27,T_6,3,green,train,42,2026
652,1,29,T_4,1,orange,validation,42,2026
653,1,30,T_5,2,yellow,train,42,2026
654,1,31,T_8,5,blue,test,42,2026
655,1,33,T_7,4,cyan,validation,42,2026
656,1,34,T_9,6,purple,train,42,2026
657,1,35,T_3,0,red,train,42,2026
658,1,38,T_9,6,purple,train,42,2026
659,1,39,T_6,3,green,train,42,2026
660,1,40,T_7,4,cyan,train,42,2026
661,1,41,T_4,1,orange,test,42,2026
662,1,42,T_5,2,yellow,train,42,2026
663,1,43,T_8,5,blue,test,42,2026
664,1,44,T_3,0,red,test,42,2026
665,1,0,T_3,0,red,train,42,2026
666,1,1,T_8,5,blue,test,42,2026
667,1,3,T_4,1,orange,train,42,2026
668,1,4,T_6,3,green,train,42,2026
669,1,6,T_5,2,yellow,train,42,2026
670,1,7,T_9,6,purple,test,42,2026
671,1,8,T_7,4,cyan,validation,42,2026
672,1,9,T_4,1,orange,train,42,2026
673,1,11,T_5,2,yellow,train,42,2026
674,1,12,T_8,5,blue,train,42,2026
675,1,13,T_3,0,red,train,42,2026
676,1,15,T_7,4,cyan,train,42,2026
677,1,16,T_9,6,purple,validation,42,2026
678,1,17,T_6,3,green,train,42,2026
679,1,18,T_6,3,green,train,42,2026
680,1,19,T_7,4,cyan,train,42,2026
681,1,20,T_3,0,red,train,42,2026
682,1,21,T_8,5,blue,train,42,2026
683,1,23,T_4,1,orange,train,42,2026
684,1,25,T_5,2,yellow,train,42,2026
685,1,26,T_9,6,purple,train,42,2026
686,1,28,T_7,4,cyan,validation,42,2026
687,1,29,T_9,6,purple,validation,42,2026
688,1,31,T_8,5,blue,train,42,2026
689,1,32,T_6,3,green,test,42,2026
690,1,33,T_5,2,yellow,train,42,2026
691,1,34,T_4,1,orange,train,42,2026
692,1,35,T_3,0,red,train,42,2026
693,1,36,T_6,3,green,test,42,2026
694,1,37,T_5,2,yellow,train,42,2026
695,1,38,T_9,6,purple,train,42,2026
696,1,41,T_3,0,red,validation,42,2026
697,1,42,T_8,5,blue,test,42,2026
698,1,43,T_4,1,orange,validation,42,2026
699,1,44,T_7,4,cyan,train,42,2026
700,1,0,T_8,5,blue,validation,42,2026
701,1,1,T_4,1,orange,train,42,2026
702,1,2,T_6,3,green,train,42,2026
703,1,5,T_9,6,purple,train,42,2026
704,1,6,T_3,0,red,test,42,2026
705,1,7,T_5,2,yellow,train,42,2026
706,1,8,T_7,4,cyan,test,42,2026
707,1,10,T_5,2,yellow,train,42,2026
708,1,11,T_4,1,orange,validation,42,2026
709,1,12,T_8,5,blue,test,42,2026
710,1,13,T_7,4,cyan,train,42,2026
711,1,14,T_3,0,red,test,42,2026
712,1,15,T_9,6,purple,train,42,2026
713,1,16,T_6,3,green,train,42,2026
714,1,18,T_9,6,purple,test,42,2026
715,1,19,T_3,0,red,train,42,2026
716,1,21,T_4,1,orange,train,42,2026
717,1,22,T_5,2,yellow,train,42,2026
718,1,23,T_6,3,green,test,42,2026
719,1,24,T_7,4,cyan,train,42,2026
720,1,25,T_8,5,blue,train,42,2026
721,1,27,T_4,1,orange,test,42,2026
722,1,29,T_6,3,green,train,42,2026
723,1,30,T_7,4,cyan,train,42,2026
724,1,31,T_3,0,red,test,42,2026
725,1,32,T_9,6,purple,train,42,2026
726,1,33,T_5,2,yellow,train,42,2026
727,1,34,T_8,5,blue,validation,42,2026
728,1,36,T_4,1,orange,validation,42,2026
729,1,39,T_8,5,blue,test,42,2026
730,1,40,T_5,2,yellow,validation,42,2026
731,1,41,T_3,0,red,train,42,2026
732,1,42,T_7,4,cyan,train,42,2026
733,1,43,T_6,3,green,train,42,2026
734,1,44,T_9,6,purple,train,42,2026
735,1,0,T_9,6,purple,train,42,2026
736,1,1,T_7,4,cyan,validation,42,2026
737,1,2,T_3,0,red,train,42,2026
738,1,4,T_8,5,blue,train,42,2026
739,1,5,T_4,1,orange,test,42,2026
740,1,6,T_5,2,yellow,train,42,2026
741,1,8,T_6,3,green,validation,42,2026
742,1,9,T_6,3,green,train,42,2026
743,1,10,T_5,2,yellow,test,42,2026
744,1,11,T_9,6,purple,train,42,2026
745,1,12,T_7,4,cyan,test,42,2026
746,1,14,T_4,1,orange,train,42,2026
747,1,15,T_3,0,red,train,42,2026
748,1,16,T_8,5,blue,train,42,2026
749,1,18,T_6,3,green,validation,42,2026
750,1,19,T_9,6,purple,train,42,2026
751,1,20,T_7,4,cyan,test,42,2026
752,1,21,T_4,1,orange,validation,42,2026
753,1,23,T_3,0,red,train,42,2026
754,1,24,T_5,2,yellow,test,42,2026
755,1,26,T_8,5,blue,train,42,2026
756,1,27,T_8,5,blue,validation,42,2026
757,1,28,T_9,6,purple,test,42,2026
758,1,29,T_3,0,red,train,42,2026
759,1,31,T_4,1,orange,test,42,2026
760,1,32,T_6,3,green,train,42,2026
761,1,33,T_5,2,yellow,train,42,2026
762,1,35,T_7,4,cyan,train,42,2026
763,1,37,T_3,0,red,test,42,2026
764,1,38,T_9,6,purple,validation,42,2026
765,1,39,T_5,2,yellow,test,42,2026
766,1,41,T_4,1,orange,train,42,2026
767,1,42,T_6,3,green,test,42,2026
768,1,43,T_7,4,cyan,test,42,2026
769,1,44,T_8,5,blue,train,42,2026
770,1,1,T_5,2,yellow,train,42,2026
771,1,2,T_3,0,red,train,42,2026
772,1,3,T_4,1,orange,train,42,2026
773,1,5,T_6,3,green,test,42,2026
774,1,6,T_9,6,purple,train,42,2026
775,1,7,T_8,5,blue,validation,42,2026
776,1,8,T_7,4,cyan,train,42,2026
777,1,9,T_3,0,red,train,42,2026
778,1,10,T_6,3,green,train,42,2026
779,1,11,T_8,5,blue,test,42,2026
780,1,12,T_5,2,yellow,train,42,2026
781,1,13,T_4,1,orange,train,42,2026
782,1,14,T_7,4,cyan,train,42,2026
783,1,16,T_9,6,purple,train,42,2026
784,1,18,T_9,6,purple,test,42,2026
785,1,19,T_5,2,yellow,train,42,2026
786,1,20,T_4,1,orange,train,42,2026
787,1,22,T_7,4,cyan,test,42,2026
788,1,23,T_6,3,green,test,42,2026
789,1,24,T_8,5,blue,validation,42,2026
790,1,26,T_3,0,red,train,42,2026
791,1,27,T_3,0,red,validation,42,2026
792,1,29,T_5,2,yellow,validation,42,2026
793,1,30,T_4,1,orange,train,42,2026
794,1,31,T_8,5,blue,train,42,2026
795,1,32,T_6,3,green,train,42,2026
796,1,33,T_7,4,cyan,train,42,2026
797,1,35,T_9,6,purple,train,42,2026
798,1,36,T_4,1,orange,train,42,2026
799,1,38,T_8,5,blue,train,42,2026
800,1,39,T_3,0,red,validation,42,2026
801,1,40,T_7,4,cyan,train,42,2026
802,1,41,T_9,6,purple,train,42,2026
803,1,43,T_5,2,yellow,validation,42,2026
804,1,44,T_6,3,green,train,42,2026
805,1,0,T_7,4,cyan,train,42,2026
806,1,2,T_3,0,red,train,42,2026
807,1,3,T_5,2,yellow,train,42,2026
808,1,4,T_9,6,purple,train,42,2026
809,1,6,T_8,5,blue,test,42,2026
810,1,7,T_4,1,orange,train,42,2026
811,1,8,T_6,3,green,train,42,2026
812,1,10,T_4,1,orange,validation,42,2026
813,1,11,T_9,6,purple,train,42,2026
814,1,12,T_6,3,green,train,42,2026
815,1,13,T_3,0,red,train,42,2026
816,1,14,T_8,5,blue,train,42,2026
817,1,15,T_5,2,yellow,train,42,2026
818,1,16,T_7,4,cyan,train,42,2026
819,1,18,T_3,0,red,test,42,2026
820,1,19,T_6,3,green,train,42,2026
821,1,21,T_5,2,yellow,validation,42,2026
822,1,22,T_4,1,orange,train,42,2026
823,1,23,T_8,5,blue,validation,42,2026
824,1,24,T_7,4,cyan,test,42,2026
825,1,26,T_9,6,purple,train,42,2026
826,1,27,T_6,3,green,test,42,2026
827,1,28,T_3,0,red,train,42,2026
828,1,29,T_7,4,cyan,train,42,2026
829,1,30,T_5,2,yellow,test,42,2026
830,1,31,T_4,1,orange,train,42,2026
831,1,32,T_9,6,purple,test,42,2026
832,1,35,T_8,5,blue,train,42,2026
833,1,36,T_3,0,red,validation,42,2026
834,1,37,T_6,3,green,test,42,2026
835,1,38,T_5,2,yellow,train,42,2026
836,1,39,T_8,5,blue,validation,42,2026
837,1,40,T_4,1,orange,train,42,2026
838,1,42,T_7,4,cyan,validation,42,2026
839,1,44,T_9,6,purple,train,42,2026
840,1,0,T_4,1,orange,test,42,2026
841,1,1,T_3,0,red,train,42,2026
842,1,2,T_9,6,purple,train,42,2026
843,1,3,T_8,5,blue,train,42,2026
844,1,4,T_5,2,yellow,train,42,2026
845,1,6,T_6,3,green,train,42,2026
846,1,8,T_7,4,cyan,train,42,2026
847,1,10,T_7,4,cyan,train,42,2026
848,1,11,T_9,6,purple,train,42,2026
849,1,12,T_8,5,blue,train,42,2026
850,1,13,T_5,2,yellow,validation,42,2026
851,1,14,T_3,0,red,validation,42,2026
852,1,15,T_4,1,orange,train,42,2026
853,1,17,T_6,3,green,test,42,2026
854,1,18,T_9,6,purple,validation,42,2026
855,1,19,T_7,4,cyan,validation,42,2026
856,1,20,T_6,3,green,train,42,2026
857,1,21,T_8,5,blue,train,42,2026
858,1,22,T_3,0,red,train,42,2026
859,1,25,T_5,2,yellow,train,42,2026
860,1,26,T_4,1,orange,train,42,2026
861,1,29,T_3,0,red,train,42,2026
862,1,30,T_4,1,orange,test,42,2026
863,1,31,T_8,5,blue,train,42,2026
864,1,32,T_5,2,yellow,test,42,2026
865,1,33,T_7,4,cyan,train,42,2026
866,1,34,T_9,6,purple,train,42,2026
867,1,35,T_6,3,green,train,42,2026
868,1,37,T_9,6,purple,train,42,2026
869,1,38,T_7,4,cyan,train,42,2026
870,1,39,T_6,3,green,train,42,2026
871,1,40,T_4,1,orange,test,42,2026
872,1,41,T_5,2,yellow,train,42,2026
873,1,42,T_3,0,red,train,42,2026
874,1,43,T_8,5,blue,test,42,2026
875,1,1,T_4,1,orange,train,42,2026
876,1,2,T_6,3,green,validation,42,2026
877,1,3,T_8,5,blue,train,42,2026
878,1,4,T_9,6,purple,validation,42,2026
879,1,5,T_3,0,red,train,42,2026
880,1,7,T_5,2,yellow,train,42,2026
881,1,8,T_7,4,cyan,train,42,2026
882,1,9,T_7,4,cyan,train,42,2026
883,1,10,T_5,2,yellow,train,42,2026
884,1,12,T_8,5,blue,train,42,2026
885,1,14,T_6,3,green,train,42,2026
886,1,15,T_4,1,orange,train,42,2026
887,1,16,T_3,0,red,train,42,2026
888,1,17,T_9,6,purple,test,42,2026
889,1,18,T_6,3,green,train,42,2026
890,1,19,T_4,1,orange,train,42,2026
891,1,20,T_9,6,purple,test,42,2026
892,1,23,T_8,5,blue,train,42,2026
893,1,24,T_7,4,cyan,train,42,2026
894,1,25,T_5,2,yellow,train,42,2026
895,1,26,T_3,0,red,train,42,2026
896,1,27,T_5,2,yellow,train,42,2026
897,1,28,T_6,3,green,validation,42,2026
898,1,29,T_3,0,red,train,42,2026
899,1,31,T_4,1,orange,train,42,2026
900,1,32,T_7,4,cyan,validation,42,2026
901,1,34,T_8,5,blue,train,42,2026
902,1,35,T_9,6,purple,train,42,2026
903,1,36,T_9,6,purple,train,42,2026
904,1,38,T_4,1,orange,train,42,2026
905,1,39,T_3,0,red,train,42,2026
906,1,40,T_8,5,blue,train,42,2026
907,1,41,T_5,2,yellow,train,42,2026
908,1,43,T_6,3,green,test,42,2026
909,1,44,T_7,4,cyan,train,42,2026
910,1,0,T_9,6,purple,train,42,2026
911,1,1,T_8,5,blue,test,42,2026
912,1,2,T_7,4,cyan,test,42,2026
913,1,3,T_5,2,yellow,validation,42,2026
914,1,6,T_6,3,green,validation,42,2026
915,1,7,T_3,0,red,train,42,2026
916,1,8,T_4,1,orange,train,42,2026
917,1,9,T_5,2,yellow,train,42,2026
918,1,10,T_4,1,orange,train,42,2026
919,1,12,T_8,5,blue,train,42,2026
920,1,14,T_6,3,green,test,42,2026
921,1,15,T_7,4,cyan,validation,42,2026
922,1,16,T_3,0,red,test,42,2026
923,1,17,T_9,6,purple,train,42,2026
924,1,18,T_9,6,purple,train,42,2026
925,1,19,T_3,0,red,test,42,2026
926,1,20,T_5,2,yellow,train,42,2026
927,1,21,T_4,1,orange,test,42,2026
928,1,22,T_8,5,blue,train,42,2026
929,1,23,T_6,3,green,train,42,2026
930,1,26,T_7,4,cyan,train,42,2026
931,1,28,T_4,1,orange,train,42,2026
932,1,29,T_6,3,green,validation,42,2026
933,1,30,T_8,5,blue,train,42,2026
934,1,31,T_3,0,red,validation,42,2026
935,1,33,T_7,4,cyan,test,42,2026
936,1,34,T_5,2,yellow,train,42,2026
937,1,35,T_9,6,purple,test,42,2026
938,1,37,T_6,3,green,train,42,2026
939,1,38,T_8,5,blue,train,42,2026
940,1,39,T_5,2,yellow,train,42,2026
941,1,40,T_3,0,red,train,42,2026
942,1,41,T_7,4,cyan,validation,42,2026
943,1,42,T_4,1,orange,train,42,2026
944,1,44,T_9,6,purple,validation,42,2026
945,1,0,T_9,6,purple,train,42,2026
946,1,2,T_4,1,orange,train,42,2026
947,1,3,T_8,5,blue,train,42,2026
948,1,4,T_7,4,cyan,train,42,2026
949,1,5,T_3,0,red,train,42,2026
950,1,7,T_6,3,green,validation,42,2026
951,1,8,T_5,2,yellow,train,42,2026
952,1,10,T_6,3,green,test,42,2026
953,1,11,T_5,2,yellow,train,42,2026
954,1,12,T_8,5,blue,train,42,2026
955,1,13,T_7,4,cyan,train,42,2026
956,1,15,T_9,6,purple,test,42,2026
957,1,16,T_4,1,orange,train,42,2026
958,1,17,T_3,0,red,validation,42,2026
959,1,19,T_7,4,cyan,train,42,2026
960,1,20,T_9,6,purple,test,42,2026
961,1,21,T_6,3,green,train,42,2026
962,1,23,T_5,2,yellow,validation,42,2026
963,1,24,T_8,5,blue,test,42,2026
964,1,25,T_3,0,red,train,42,2026
965,1,26,T_4,1,orange,train,42,2026
966,1,27,T_3,0,red,train,42,2026
967,1,28,T_4,1,orange,train,42,2026
968,1,29,T_6,3,green,train,42,2026
969,1,31,T_9,6,purple,train,42,2026
970,1,32,T_5,2,yellow,train,42,2026
971,1,34,T_8,5,blue,validation,42,2026
972,1,35,T_7,4,cyan,train,42,2026
973,1,36,T_6,3,green,train,42,2026
974,1,37,T_7,4,cyan,test,42,2026
975,1,38,T_9,6,purple,validation,42,2026
976,1,39,T_8,5,blue,validation,42,2026
977,1,40,T_3,0,red,test,42,2026
978,1,41,T_4,1,orange,test,42,2026
979,1,43,T_5,2,yellow,train,42,2026
980,1,0,T_3,0,red,test,42,2026
981,1,1,T_9,6,purple,train,42,2026
982,1,2,T_7,4,cyan,test,42,2026
983,1,3,T_8,5,blue,train,42,2026
984,1,5,T_4,1,orange,train,42,2026
985,1,6,T_5,2,yellow,train,42,2026
986,1,7,T_6,3,green,train,42,2026
987,1,10,T_4,1,orange,train,42,2026
988,1,12,T_9,6,purple,test,42,2026
989,1,13,T_7,4,cyan,train,42,2026
990,1,14,T_3,0,red,train,42,2026
991,1,15,T_5,2,yellow,test,42,2026
992,1,16,T_6,3,green,train,42,2026
993,1,17,T_8,5,blue,train,42,2026
994,1,18,T_3,0,red,train,42,2026
995,1,19,T_9,6,purple,train,42,2026
996,1,20,T_6,3,green,train,42,2026
997,1,21,T_8,5,blue,test,42,2026
998,1,24,T_4,1,orange,train,42,2026
999,1,25,T_5,2,yellow,train,42,2026
1000,1,26,T_7,4,cyan,train,42,2026
1001,1,27,T_8,5,blue,train,42,2026
1002,1,28,T_9,6,purple,train,42,2026
1003,1,29,T_3,0,red,train,42,2026
1004,1,30,T_4,1,orange,train,42,2026
1005,1,32,T_7,4,cyan,test,42,2026
1006,1,33,T_5,2,yellow,validation,42,2026
1007,1,34,T_6,3,green,train,42,2026
1008,1,36,T_4,1,orange,test,42,2026
1009,1,37,T_6,3,green,train,42,2026
1010,1,38,T_7,4,cyan,train,42,2026
1011,1,39,T_8,5,blue,test,42,2026
1012,1,41,T_3,0,red,train,42,2026
1013,1,42,T_5,2,yellow,train,42,2026
1014,1,44,T_9,6,purple,train,42,2026
1015,1,0,T_9,6,purple,train,42,2026
1016,1,2,T_4,1,orange,validation,42,2026
1017,1,3,T_8,5,blue,test,42,2026
1018,1,5,T_6,3,green,train,42,2026
1019,1,6,T_5,2,yellow,train,42,2026
1020,1,7,T_3,0,red,test,42,2026
1021,1,8,T_7,4,cyan,train,42,2026
1022,1,9,T_4,1,orange,train,42,2026
1023,1,10,T_7,4,cyan,validation,42,2026
1024,1,13,T_5,2,yellow,test,42,2026
1025,1,14,T_6,3,green,train,42,2026
1026,1,15,T_9,6,purple,train,42,2026
1027,1,16,T_8,5,blue,train,42,2026
1028,1,17,T_3,0,red,train,42,2026
1029,1,18,T_6,3,green,train,42,2026
1030,1,19,T_3,0,red,validation,42,2026
1031,1,20,T_8,5,blue,train,42,2026
1032,1,21,T_4,1,orange,train,42,2026
1033,1,22,T_5,2,yellow,validation,42,2026
1034,1,24,T_7,4,cyan,train,42,2026
1035,1,25,T_9,6,purple,validation,42,2026
1036,1,27,T_4,1,orange,train,42,2026
1037,1,28,T_7,4,cyan,train,42,2026
1038,1,29,T_3,0,red,train,42,2026
1039,1,31,T_8,5,blue,train,42,2026
1040,1,32,T_5,2,yellow,test,42,2026
1041,1,33,T_6,3,green,validation,42,2026
1042,1,34,T_9,6,purple,test,42,2026
1043,1,36,T_3,0,red,train,42,2026
1044,1,38,T_5,2,yellow,test,42,2026
1045,1,40,T_7,4,cyan,test,42,2026
1046,1,41,T_8,5,blue,train,42,2026
1047,1,42,T_6,3,green,train,42,2026
1048,1,43,T_4,1,orange,validation,42,2026
1049,1,44,T_9,6,purple,validation,42,2026
1050,1,0,T_9,6,purple,train,42,2026
1051,1,1,T_7,4,cyan,train,42,2026
1052,1,2,T_8,5,blue,train,42,2026
1053,1,3,T_4,1,orange,validation,42,2026
1054,1,5,T_3,0,red,test,42,2026
1055,1,6,T_5,2,yellow,train,42,2026
1056,1,7,T_6,3,green,test,42,2026
1057,1,9,T_9,6,purple,train,42,2026
1058,1,11,T_5,2,yellow,train,42,2026
1059,1,12,T_6,3,green,train,42,2026
1060,1,13,T_8,5,blue,train,42,2026
1061,1,14,T_4,1,orange,validation,42,2026
1062,1,15,T_7,4,cyan,train,42,2026
1063,1,17,T_3,0,red,test,42,2026
1064,1,18,T_6,3,green,validation,42,2026
1065,1,19,T_7,4,cyan,train,42,2026
1066,1,20,T_3,0,red,validation,42,2026
1067,1,21,T_5,2,yellow,train,42,2026
1068,1,24,T_8,5,blue,train,42,2026
1069,1,25,T_9,6,purple,test,42,2026
1070,1,26,T_4,1,orange,train,42,2026
1071,1,27,T_9,6,purple,train,42,2026
1072,1,29,T_5,2,yellow,test,42,2026
1073,1,30,T_4,1,orange,test,42,2026
1074,1,32,T_7,4,cyan,train,42,2026
1075,1,33,T_8,5,blue,train,42,2026
1076,1,34,T_6,3,green,train,42,2026
1077,1,35,T_3,0,red,train,42,2026
1078,1,36,T_5,2,yellow,test,42,2026
1079,1,37,T_9,6,purple,train,42,2026
1080,1,38,T_6,3,green,train,42,2026
1081,1,39,T_7,4,cyan,test,42,2026
1082,1,41,T_3,0,red,train,42,2026
1083,1,42,T_4,1,orange,train,42,2026
1084,1,43,T_8,5,blue,train,42,2026
1085,2,2,T_7,4,cyan,train,42,2026
1086,2,3,T_9,6,purple,validation,42,2026
1087,2,4,T_8,5,blue,validation,42,2026
1088,2,5,T_3,0,red,train,42,2026
1089,2,6,T_5,2,yellow,train,42,2026
1090,2,7,T_4,1,orange,train,42,2026
1091,2,8,T_6,3,green,test,42,2026
1092,2,10,T_6,3,green,test,42,2026
1093,2,11,T_7,4,cyan,train,42,2026
1094,2,12,T_5,2,yellow,train,42,2026
1095,2,13,T_4,1,orange,train,42,2026
1096,2,14,T_9,6,purple,test,42,2026
1097,2,15,T_8,5,blue,train,42,2026
1098,2,17,T_3,0,red,train,42,2026
1099,2,18,T_3,0,red,train,42,2026
1100,2,19,T_9,6,purple,train,42,2026
1101,2,22,T_5,2,yellow,train,42,2026
1102,2,23,T_8,5,blue,test,42,2026
1103,2,24,T_6,3,green,train,42,2026
1104,2,25,T_7,4,cyan,train,42,2026
1105,2,26,T_4,1,orange,train,42,2026
1106,2,27,T_9,6,purple,test,42,2026
1107,2,29,T_5,2,yellow,train,42,2026
1108,2,30,T_3,0,red,train,42,2026
1109,2,31,T_6,3,green,train,42,2026
1110,2,32,T_4,1,orange,test,42,2026
1111,2,33,T_8,5,blue,train,42,2026
1112,2,35,T_7,4,cyan,test,42,2026
1113,2,37,T_8,5,blue,test,42,2026
1114,2,38,T_5,2,yellow,train,42,2026
1115,2,39,T_7,4,cyan,train,42,2026
1116,2,40,T_3,0,red,train,42,2026
1117,2,41,T_4,1,orange,validation,42,2026
1118,2,43,T_6,3,green,train,42,2026
1119,2,44,T_9,6,purple,validation,42,2026
1120,2,0,T_6,3,green,validation,42,2026
1121,2,2,T_3,0,red,validation,42,2026
1122,2,3,T_4,1,orange,train,42,2026
1123,2,4,T_7,4,cyan,train,42,2026
1124,2,6,T_8,5,blue,test,42,2026
1125,2,7,T_9,6,purple,test,42,2026
1126,2,8,T_5,2,yellow,train,42,2026
1127,2,9,T_3,0,red,train,42,2026
1128,2,11,T_9,6,purple,train,42,2026
1129,2,12,T_4,1,orange,train,42,2026
1130,2,13,T_5,2,yellow,validation,42,2026
1131,2,14,T_6,3,green,test,42,2026
1132,2,15,T_7,4,cyan,test,42,2026
1133,2,17,T_8,5,blue,train,42,2026
1134,2,0,T_5,2,yellow,test,42,2026
1135,2,1,T_3,0,red,train,42,2026
1136,2,2,T_6,3,green,test,42,2026
1137,2,4,T_7,4,cyan,train,42,2026
1138,2,6,T_8,5,blue,test,42,2026
1139,2,7,T_9,6,purple,train,42,2026
1140,2,8,T_4,1,orange,train,42,2026
1141,2,9,T_7,4,cyan,train,42,2026
1142,2,10,T_3,0,red,train,42,2026
1143,2,11,T_6,3,green,test,42,2026
1144,2,12,T_8,5,blue,test,42,2026
1145,2,14,T_5,2,yellow,validation,42,2026
1146,2,15,T_4,1,orange,test,42,2026
1147,2,16,T_9,6,purple,train,42,2026
1148,2,18,T_4,1,orange,train,42,2026
1149,2,19,T_7,4,cyan,validation,42,2026
1150,2,20,T_8,5,blue,train,42,2026
1151,2,21,T_9,6,purple,train,42,2026
1152,2,22,T_5,2,yellow,validation,42,2026
1153,2,25,T_6,3,green,train,42,2026
1154,2,26,T_3,0,red,train,42,2026
1155,2,27,T_4,1,orange,validation,42,2026
1156,2,28,T_9,6,purple,train,42,2026
1157,2,30,T_5,2,yellow,train,42,2026
1158,2,31,T_8,5,blue,train,42,2026
1159,2,32,T_7,4,cyan,validation,42,2026
1160,2,33,T_3,0,red,test,42,2026
1161,2,35,T_6,3,green,train,42,2026
1162,2,37,T_9,6,purple,train,42,2026
1163,2,38,T_7,4,cyan,train,42,2026
1164,2,40,T_5,2,yellow,train,42,2026
1165,2,41,T_8,5,blue,train,42,2026
1166,2,42,T_3,0,red,train,42,2026
1167,2,43,T_6,3,green,test,42,2026
1168,2,44,T_4,1,orange,train,42,2026
1169,2,1,T_9,6,purple,train,42,2026
1170,2,2,T_5,2,yellow,train,42,2026
1171,2,3,T_4,1,orange,validation,42,2026
1172,2,4,T_6,3,green,train,42,2026
1173,2,5,T_3,0,red,validation,42,2026
1174,2,7,T_7,4,cyan,test,42,2026
1175,2,8,T_8,5,blue,validation,42,2026
1176,2,10,T_8,5,blue,train,42,2026
1177,2,11,T_9,6,purple,validation,42,2026
1178,2,12,T_4,1,orange,test,42,2026
1179,2,13,T_7,4,cyan,train,42,2026
1180,2,14,T_5,2,yellow,test,42,2026
1181,2,16,T_6,3,green,train,42,2026
1182,2,17,T_3,0,red,train,42,2026
1183,2,19,T_5,2,yellow,test,42,2026
1184,2,20,T_7,4,cyan,test,42,2026
1185,2,21,T_8,5,blue,train,42,2026
1186,2,22,T_4,1,orange,validation,42,2026
1187,2,23,T_6,3,green,validation,42,2026
1188,2,24,T_9,6,purple,validation,42,2026
1189,2,26,T_3,0,red,train,42,2026
1190,2,27,T_4,1,orange,train,42,2026
1191,2,29,T_7,4,cyan,train,42,2026
1192,2,30,T_3,0,red,train,42,2026
1193,2,32,T_9,6,purple,train,42,2026
1194,2,33,T_5,2,yellow,validation,42,2026
1195,2,34,T_6,3,green,test,42,2026
1196,2,35,T_8,5,blue,train,42,2026
1197,2,36,T_5,2,yellow,train,42,2026
1198,2,37,T_3,0,red,train,42,2026
1199,2,39,T_4,1,orange,train,42,2026
1200,2,41,T_9,6,purple,train,42,2026
1201,2,42,T_7,4,cyan,train,42,2026
1202,2,43,T_6,3,green,train,42,2026
1203,2,44,T_8,5,blue,train,42,2026
1204,2,1,T_4,1,orange,test,42,2026
1205,2,3,T_8,5,blue,train,42,2026
1206,2,4,T_3,0,red,train,42,2026
1207,2,5,T_7,4,cyan,train,42,2026
1208,2,6,T_9,6,purple,validation,42,2026
1209,2,7,T_6,3,green,train,42,2026
1210,2,8,T_5,2,yellow,train,42,2026
1211,2,9,T_9,6,purple,test,42,2026
1212,2,11,T_8,5,blue,train,42,2026
1213,2,12,T_3,0,red,test,42,2026
1214,2,14,T_7,4,cyan,train,42,2026
1215,2,15,T_5,2,yellow,train,42,2026
1216,2,16,T_6,3,green,train,42,2026
1217,2,17,T_4,1,orange,train,42,2026
1218,2,18,T_9,6,purple,train,42,2026
1219,2,19,T_5,2,yellow,train,42,2026
1220,2,20,T_8,5,blue,train,42,2026
1221,2,21,T_7,4,cyan,train,42,2026
1222,2,22,T_6,3,green,validation,42,2026
1223,2,25,T_4,1,orange,train,42,2026
1224,2,26,T_3,0,red,validation,42,2026
1225,2,28,T_5,2,yellow,train,42,2026
1226,2,29,T_9,6,purple,train,42,2026
1227,2,31,T_6,3,green,train,42,2026
1228,2,32,T_3,0,red,test,42,2026
1229,2,33,T_8,5,blue,validation,42,2026
1230,2,34,T_4,1,orange,train,42,2026
1231,2,35,T_7,4,cyan,train,42,2026
1232,2,36,T_8,5,blue,train,42,2026
1233,2,37,T_4,1,orange,validation,42,2026
1234,2,38,T_5,2,yellow,train,42,2026
1235,2,39,T_3,0,red,train,42,2026
1236,2,40,T_7,4,cyan,validation,42,2026
1237,2,41,T_9,6,purple,train,42,2026
1238,2,43,T_6,3,green,train,42,2026
1239,2,1,T_3,0,red,test,42,2026
1240,2,2,T_5,2,yellow,test,42,2026
1241,2,3,T_6,3,green,train,42,2026
1242,2,4,T_8,5,blue,validation,42,2026
1243,2,5,T_9,6,purple,test,42,2026
1244,2,6,T_7,4,cyan,test,42,2026
1245,2,7,T_4,1,orange,train,42,2026
1246,2,10,T_3,0,red,test,42,2026
1247,2,11,T_8,5,blue,train,42,2026
1248,2,12,T_7,4,cyan,train,42,2026
1249,2,13,T_6,3,green,train,42,2026
1250,2,14,T_9,6,purple,validation,42,2026
1251,2,15,T_5,2,yellow,train,42,2026
1252,2,17,T_4,1,orange,train,42,2026
1253,2,18,T_6,3,green,train,42,2026
1254,2,21,T_8,5,blue,train,42,2026
1255,2,22,T_9,6,purple,train,42,2026
1256,2,23,T_3,0,red,train,42,2026
1257,2,24,T_7,4,cyan,validation,42,2026
1258,2,25,T_5,2,yellow,validation,42,2026
1259,2,26,T_4,1,orange,test,42,2026
1260,2,27,T_8,5,blue,train,42,2026
1261,2,28,T_7,4,cyan,train,42,2026
1262,2,29,T_5,2,yellow,train,42,2026
1263,2,31,T_9,6,purple,test,42,2026
1264,2,32,T_4,1,orange,test,42,2026
1265,2,33,T_6,3,green,validation,42,2026
1266,2,34,T_3,0,red,train,42,2026
1267,2,36,T_9,6,purple,train,42,2026
1268,2,38,T_5,2,yellow,validation,42,2026
1269,2,39,T_6,3,green,train,42,2026
1270,2,40,T_7,4,cyan,train,42,2026
1271,2,42,T_3,0,red,train,42,2026
1272,2,43,T_4,1,orange,train,42,2026
1273,2,44,T_8,5,blue,test,42,2026
1274,2,0,T_7,4,cyan,train,42,2026
1275,2,1,T_4,1,orange,train,42,2026
1276,2,3,T_5,2,yellow,train,42,2026
1277,2,4,T_9,6,purple,train,42,2026
1278,2,5,T_8,5,blue,train,42,2026
1279,2,6,T_6,3,green,test,42,2026
1280,2,8,T_3,0,red,train,42,2026
1281,2,9,T_7,4,cyan,train,42,2026
1282,2,11,T_4,1,orange,train,42,2026
1283,2,12,T_8,5,blue,validation,42,2026
1284,2,13,T_9,6,purple,train,42,2026
1285,2,14,T_5,2,yellow,train,42,2026
1286,2,15,T_3,0,red,train,42,2026
1287,2,17,T_6,3,green,train,42,2026
1288,2,19,T_9,6,purple,train,42,2026
1289,2,20,T_5,2,yellow,train,42,2026
1290,2,21,T_4,1,orange,train,42,2026
1291,2,22,T_6,3,green,validation,42,2026
1292,2,23,T_3,0,red,train,42,2026
1293,2,24,T_8,5,blue,test,42,2026
1294,2,26,T_7,4,cyan,test,42,2026
1295,2,27,T_3,0,red,validation,42,2026
1296,2,28,T_4,1,orange,train,42,2026
1297,2,29,T_7,4,cyan,train,42,2026
1298,2,30,T_9,6,purple,train,42,2026
1299,2,31,T_5,2,yellow,test,42,2026
1300,2,32,T_6,3,green,train,42,2026
1301,2,33,T_8,5,blue,train,42,2026
1302,2,37,T_6,3,green,train,42,2026
1303,2,38,T_7,4,cyan,test,42,2026
1304,2,39,T_9,6,purple,test,42,2026
1305,2,40,T_8,5,blue,train,42,2026
1306,2,41,T_5,2,yellow,train,42,2026
1307,2,42,T_4,1,orange,train,42,2026
1308,2,44,T_3,0,red,validation,42,2026
1309,2,0,T_7,4,cyan,train,42,2026
1310,2,2,T_4,1,orange,train,42,2026
1311,2,3,T_6,3,green,train,42,2026
1312,2,4,T_5,2,yellow,train,42,2026
1313,2,6,T_8,5,blue,train,42,2026
1314,2,7,T_9,6,purple,train,42,2026
1315,2,8,T_3,0,red,train,42,2026
1316,2,9,T_4,1,orange,validation,42,2026
1317,2,10,T_8,5,blue,validation,42,2026
1318,2,11,T_5,2,yellow,train,42,2026
1319,2,12,T_6,3,green,train,42,2026
1320,2,13,T_9,6,purple,test,42,2026
1321,2,15,T_7,4,cyan,validation,42,2026
1322,2,17,T_3,0,red,test,42,2026
1323,2,20,T_4,1,orange,train,42,2026
1324,2,21,T_5,2,yellow,train,42,2026
1325,2,22,T_3,0,red,validation,42,2026
1326,2,23,T_8,5,blue,train,42,2026
1327,2,24,T_6,3,green,train,42,2026
1328,2,25,T_7,4,cyan,train,42,2026
1329,2,26,T_9,6,purple,train,42,2026
1330,2,27,T_4,1,orange,test,42,2026
1331,2,29,T_3,0,red,train,42,2026
1332,2,30,T_6,3,green,validation,42,2026
1333,2,31,T_7,4,cyan,validation,42,2026
1334,2,32,T_8,5,blue,train,42,2026
1335,2,33,T_9,6,purple,train,42,2026
1336,2,34,T_5,2,yellow,test,42,2026
1337,2,36,T_3,0,red,test,42,2026
1338,2,37,T_6,3,green,train,42,2026
1339,2,40,T_5,2,yellow,test,42,2026
1340,2,41,T_4,1,orange,train,42,2026
1341,2,42,T_9,6,purple,train,42,2026
1342,2,43,T_7,4,cyan,test,42,2026
1343,2,44,T_8,5,blue,train,42,2026
1344,3,0,T_9,6,purple,test,42,2026
1345,3,1,T_7,4,cyan,train,42,2026
1346,3,2,T_5,2,yellow,train,42,2026
1347,3,3,T_8,5,blue,train,42,2026
1348,3,5,T_3,0,red,train,42,2026
1349,3,6,T_6,3,green,test,42,2026
1350,3,7,T_4,1,orange,train,42,2026
1351,3,9,T_5,2,yellow,train,42,2026
1352,3,10,T_6,3,green,train,42,2026
1353,3,11,T_8,5,blue,train,42,2026
1354,3,13,T_7,4,cyan,validation,42,2026
1355,3,15,T_9,6,purple,train,42,2026
1356,3,16,T_4,1,orange,validation,42,2026
1357,3,17,T_3,0,red,test,42,2026
1358,3,18,T_6,3,green,train,42,2026
1359,3,20,T_3,0,red,train,42,2026
1360,3,22,T_8,5,blue,test,42,2026
1361,3,23,T_7,4,cyan,train,42,2026
1362,3,24,T_4,1,orange,train,42,2026
1363,3,25,T_9,6,purple,test,42,2026
1364,3,26,T_5,2,yellow,train,42,2026
1365,3,27,T_3,0,red,train,42,2026
1366,3,28,T_5,2,yellow,train,42,2026
1367,3,29,T_4,1,orange,validation,42,2026
1368,3,31,T_9,6,purple,train,42,2026
1369,3,32,T_8,5,blue,validation,42,2026
1370,3,34,T_7,4,cyan,train,42,2026
1371,3,35,T_6,3,green,train,42,2026
1372,3,36,T_3,0,red,train,42,2026
1373,3,38,T_5,2,yellow,train,42,2026
1374,3,39,T_7,4,cyan,train,42,2026
1375,3,40,T_4,1,orange,train,42,2026
1376,3,41,T_8,5,blue,test,42,2026
1377,3,42,T_9,6,purple,train,42,2026
1378,3,43,T_6,3,green,validation,42,2026
1379,3,0,T_4,1,orange,test,42,2026
1380,3,1,T_7,4,cyan,train,42,2026
1381,3,2,T_8,5,blue,test,42,2026
1382,3,5,T_5,2,yellow,train,42,2026
1383,3,6,T_9,6,purple,train,42,2026
1384,3,7,T_3,0,red,validation,42,2026
1385,3,8,T_6,3,green,train,42,2026
1386,3,9,T_3,0,red,train,42,2026
1387,3,10,T_9,6,purple,test,42,2026
1388,3,11,T_4,1,orange,train,42,2026
1389,3,12,T_7,4,cyan,test,42,2026
1390,3,13,T_5,2,yellow,train,42,2026
1391,3,14,T_6,3,green,train,42,2026
1392,3,15,T_8,5,blue,validation,42,2026
1393,3,18,T_5,2,yellow,test,42,2026
1394,3,19,T_9,6,purple,test,42,2026
1395,3,20,T_4,1,orange,train,42,2026
1396,3,21,T_3,0,red,train,42,2026
1397,3,23,T_7,4,cyan,validation,42,2026
1398,3,24,T_6,3,green,train,42,2026
1399,3,26,T_8,5,blue,train,42,2026
1400,3,27,T_4,1,orange,train,42,2026
1401,3,28,T_8,5,blue,train,42,2026
1402,3,31,T_9,6,purple,validation,42,2026
1403,3,32,T_3,0,red,train,42,2026
1404,3,33,T_6,3,green,train,42,2026
1405,3,34,T_5,2,yellow,train,42,2026
1406,3,35,T_7,4,cyan,test,42,2026
1407,3,36,T_7,4,cyan,train,42,2026
1408,3,37,T_6,3,green,train,42,2026
1409,3,38,T_3,0,red,train,42,2026
1410,3,39,T_9,6,purple,validation,42,2026
1411,3,40,T_5,2,yellow,train,42,2026
1412,3,42,T_4,1,orange,train,42,2026
1413,3,43,T_8,5,blue,train,42,2026
1414,3,1,T_7,4,cyan,train,42,2026
1415,3,2,T_4,1,orange,train,42,2026
1416,3,3,T_8,5,blue,test,42,2026
1417,3,4,T_3,0,red,validation,42,2026
1418,3,5,T_9,6,purple,validation,42,2026
1419,3,7,T_6,3,green,train,42,2026
1420,3,8,T_5,2,yellow,validation,42,2026
1421,3,9,T_9,6,purple,train,42,2026
1422,3,10,T_8,5,blue,train,42,2026
1423,3,11,T_6,3,green,train,42,2026
1424,3,13,T_7,4,cyan,train,42,2026
1425,3,14,T_4,1,orange,train,42,2026
1426,3,15,T_5,2,yellow,validation,42,2026
1427,3,16,T_3,0,red,train,42,2026
1428,3,18,T_9,6,purple,train,42,2026
1429,3,19,T_8,5,blue,train,42,2026
1430,3,21,T_6,3,green,train,42,2026
1431,3,23,T_3,0,red,train,42,2026
1432,3,24,T_5,2,yellow,train,42,2026
1433,3,25,T_4,1,orange,test,42,2026
1434,3,26,T_7,4,cyan,test,42,2026
1435,3,27,T_4,1,orange,train,42,2026
1436,3,28,T_8,5,blue,train,42,2026
1437,3,30,T_3,0,red,train,42,2026
1438,3,31,T_9,6,purple,test,42,2026
1439,3,32,T_6,3,green,train,42,2026
1440,3,34,T_5,2,yellow,train,42,2026
1441,3,35,T_7,4,cyan,train,42,2026
1442,3,36,T_5,2,yellow,train,42,2026
1443,3,38,T_4,1,orange,train,42,2026
1444,3,40,T_6,3,green,train,42,2026
1445,3,41,T_7,4,cyan,train,42,2026
1446,3,42,T_8,5,blue,train,42,2026
1447,3,43,T_9,6,purple,train,42,2026
1448,3,44,T_3,0,red,test,42,2026
1449,3,1,T_8,5,blue,train,42,2026
1450,3,2,T_7,4,cyan,train,42,2026
1451,3,3,T_4,1,orange,train,42,2026
1452,3,4,T_3,0,red,train,42,2026
1453,3,5,T_6,3,green,test,42,2026
1454,3,6,T_9,6,purple,train,42,2026
1455,3,8,T_5,2,yellow,train,42,2026
1456,3,9,T_3,0,red,train,42,2026
1457,3,10,T_6,3,green,train,42,2026
1458,3,11,T_8,5,blue,train,42,2026
1459,3,12,T_4,1,orange,validation,42,2026
1460,3,13,T_7,4,cyan,test,42,2026
1461,3,16,T_9,6,purple,train,42,2026
1462,3,17,T_5,2,yellow,validation,42,2026
1463,3,19,T_4,1,orange,validation,42,2026
1464,3,20,T_7,4,cyan,test,42,2026
1465,3,21,T_9,6,purple,test,42,2026
1466,3,22,T_5,2,yellow,train,42,2026
1467,3,23,T_8,5,blue,validation,42,2026
1468,3,24,T_3,0,red,train,42,2026
1469,3,25,T_6,3,green,train,42,2026
1470,3,27,T_7,4,cyan,train,42,2026
1471,3,28,T_3,0,red,train,42,2026
1472,3,29,T_4,1,orange,train,42,2026
1473,3,30,T_8,5,blue,train,42,2026
1474,3,32,T_9,6,purple,validation,42,2026
1475,3,34,T_6,3,green,validation,42,2026
1476,3,35,T_5,2,yellow,validation,42,2026
1477,3,36,T_4,1,orange,train,42,2026
1478,3,37,T_6,3,green,validation,42,2026
1479,3,40,T_5,2,yellow,train,42,2026
1480,3,41,T_7,4,cyan,train,42,2026
1481,3,42,T_8,5,blue,validation,42,2026
1482,3,43,T_9,6,purple,validation,42,2026
1483,3,44,T_3,0,red,validation,42,2026
1484,3,0,T_7,4,cyan,train,42,2026
1485,3,1,T_9,6,purple,validation,42,2026
1486,3,2,T_4,1,orange,train,42,2026
1487,3,3,T_6,3,green,train,42,2026
1488,3,4,T_8,5,blue,test,42,2026
1489,3,5,T_5,2,yellow,test,42,2026
1490,3,8,T_3,0,red,test,42,2026
1491,3,10,T_8,5,blue,train,42,2026
1492,3,11,T_6,3,green,test,42,2026
1493,3,12,T_4,1,orange,train,42,2026
1494,3,14,T_5,2,yellow,test,42,2026
1495,3,15,T_7,4,cyan,validation,42,2026
1496,3,16,T_9,6,purple,train,42,2026
1497,3,17,T_3,0,red,test,42,2026
1498,3,18,T_3,0,red,train,42,2026
1499,3,19,T_4,1,orange,train,42,2026
1500,3,21,T_5,2,yellow,train,42,2026
1501,3,22,T_8,5,blue,train,42,2026
1502,3,23,T_6,3,green,test,42,2026
1503,3,25,T_7,4,cyan,train,42,2026
1504,3,26,T_9,6,purple,test,42,2026
1505,3,27,T_7,4,cyan,validation,42,2026
1506,3,28,T_8,5,blue,train,42,2026
1507,3,29,T_9,6,purple,train,42,2026
1508,3,30,T_3,0,red,train,42,2026
1509,3,32,T_4,1,orange,train,42,2026
1510,3,33,T_6,3,green,validation,42,2026
1511,3,35,T_5,2,yellow,train,42,2026
1512,3,36,T_9,6,purple,train,42,2026
1513,3,37,T_5,2,yellow,train,42,2026
1514,3,40,T_3,0,red,train,42,2026
1515,3,41,T_4,1,orange,train,42,2026
1516,3,42,T_6,3,green,train,42,2026
1517,3,43,T_7,4,cyan,test,42,2026
1518,3,44,T_8,5,blue,train,42,2026
1519,3,1,T_5,2,yellow,train,42,2026
1520,3,2,T_3,0,red,train,42,2026
1521,3,3,T_7,4,cyan,train,42,2026
1522,3,5,T_9,6,purple,test,42,2026
1523,3,6,T_4,1,orange,train,42,2026
1524,3,7,T_8,5,blue,test,42,2026
1525,3,8,T_6,3,green,train,42,2026
1526,3,9,T_5,2,yellow,test,42,2026
1527,3,10,T_7,4,cyan,validation,42,2026
1528,3,11,T_4,1,orange,train,42,2026
1529,3,14,T_6,3,green,train,42,2026
1530,3,15,T_3,0,red,train,42,2026
1531,3,16,T_8,5,blue,test,42,2026
1532,3,17,T_9,6,purple,train,42,2026
1533,3,19,T_8,5,blue,train,42,2026
1534,3,20,T_5,2,yellow,train,42,2026
1535,3,21,T_4,1,orange,test,42,2026
1536,3,22,T_9,6,purple,test,42,2026
1537,3,23,T_6,3,green,train,42,2026
1538,3,24,T_3,0,red,validation,42,2026
1539,3,26,T_7,4,cyan,test,42,2026
1540,3,27,T_5,2,yellow,train,42,2026
1541,3,29,T_4,1,orange,test,42,2026
1542,3,31,T_6,3,green,train,42,2026
1543,3,32,T_9,6,purple,train,42,2026
1544,3,33,T_3,0,red,validation,42,2026
1545,3,34,T_8,5,blue,validation,42,2026
1546,3,35,T_7,4,cyan,train,42,2026
1547,3,36,T_6,3,green,train,42,2026
1548,3,37,T_5,2,yellow,test,42,2026
1549,3,38,T_9,6,purple,train,42,2026
1550,3,39,T_3,0,red,test,42,2026
1551,3,41,T_7,4,cyan,validation,42,2026
1552,3,42,T_8,5,blue,validation,42,2026
1553,3,44,T_4,1,orange,test,42,2026
1554,3,0,T_4,1,orange,train,42,2026
1555,3,2,T_7,4,cyan,train,42,2026
1556,3,4,T_3,0,red,train,42,2026
1557,3,5,T_5,2,yellow,train,42,2026
1558,3,6,T_6,3,green,train,42,2026
1559,3,7,T_8,5,blue,train,42,2026
1560,3,8,T_9,6,purple,train,42,2026
1561,3,9,T_5,2,yellow,train,42,2026
1562,3,10,T_4,1,orange,validation,42,2026
1563,3,11,T_6,3,green,train,42,2026
1564,3,12,T_8,5,blue,train,42,2026
1565,3,14,T_3,0,red,train,42,2026
1566,3,16,T_7,4,cyan,train,42,2026
1567,3,17,T_9,6,purple,train,42,2026
1568,3,18,T_6,3,green,train,42,2026
1569,3,19,T_8,5,blue,test,42,2026
1570,3,20,T_7,4,cyan,train,42,2026
1571,3,21,T_9,6,purple,train,42,2026
1572,3,23,T_4,1,orange,train,42,2026
1573,3,25,T_3,0,red,test,42,2026
1574,3,26,T_5,2,yellow,test,42,2026
1575,3,27,T_7,4,cyan,train,42,2026
1576,3,28,T_5,2,yellow,train,42,2026
1577,3,29,T_8,5,blue,train,42,2026
1578,3,30,T_3,0,red,train,42,2026
1579,3,31,T_9,6,purple,validation,42,2026
1580,3,33,T_6,3,green,test,42,2026
1581,3,35,T_4,1,orange,validation,42,2026
1582,3,36,T_3,0,red,train,42,2026
1583,3,38,T_4,1,orange,train,42,2026
1584,3,40,T_6,3,green,train,42,2026
1585,3,41,T_5,2,yellow,train,42,2026
1586,3,42,T_8,5,blue,train,42,2026
1587,3,43,T_9,6,purple,train,42,2026
1588,3,44,T_7,4,cyan,train,42,2026
1589,3,0,T_9,6,purple,test,42,2026
1590,3,1,T_5,2,yellow,train,42,2026
1591,3,2,T_7,4,cyan,train,42,2026
1592,3,4,T_8,5,blue,train,42,2026
1593,3,6,T_6,3,green,train,42,2026
1594,3,7,T_3,0,red,train,42,2026
1595,3,8,T_4,1,orange,test,42,2026
1596,3,9,T_7,4,cyan,train,42,2026
1597,3,10,T_8,5,blue,train,42,2026
1598,3,12,T_6,3,green,train,42,2026
1599,3,13,T_5,2,yellow,train,42,2026
1600,3,14,T_3,0,red,train,42,2026
1601,3,16,T_4,1,orange,train,42,2026
1602,3,17,T_9,6,purple,train,42,2026
1603,3,19,T_8,5,blue,validation,42,2026
1604,3,20,T_9,6,purple,test,42,2026
1605,3,22,T_5,2,yellow,test,42,2026
1606,3,23,T_3,0,red,test,42,2026
1607,3,24,T_6,3,green,train,42,2026
1608,3,25,T_7,4,cyan,train,42,2026
1609,3,26,T_4,1,orange,train,42,2026
1610,3,27,T_9,6,purple,validation,42,2026
1611,3,28,T_7,4,cyan,test,42,2026
1612,3,29,T_8,5,blue,train,42,2026
1613,3,30,T_4,1,orange,train,42,2026
1614,3,31,T_6,3,green,train,42,2026
1615,3,33,T_5,2,yellow,train,42,2026
1616,3,34,T_3,0,red,validation,42,2026
1617,3,38,T_7,4,cyan,validation,42,2026
1618,3,39,T_5,2,yellow,train,42,2026
1619,3,40,T_9,6,purple,train,42,2026
1620,3,41,T_3,0,red,validation,42,2026
1621,3,42,T_6,3,green,train,42,2026
1622,3,43,T_4,1,orange,validation,42,2026
1623,3,44,T_8,5,blue,validation,42,2026
1624,3,0,T_8,5,blue,train,42,2026
1625,3,1,T_7,4,cyan,train,42,2026
1626,3,2,T_6,3,green,train,42,2026
1627,3,3,T_3,0,red,validation,42,2026
1628,3,6,T_4,1,orange,train,42,2026
1629,3,7,T_9,6,purple,train,42,2026
1630,3,8,T_5,2,yellow,train,42,2026
1631,3,9,T_3,0,red,train,42,2026
1632,3,10,T_7,4,cyan,test,42,2026
1633,3,11,T_9,6,purple,train,42,2026
1634,3,12,T_5,2,yellow,train,42,2026
1635,3,14,T_6,3,green,train,42,2026
1636,3,15,T_4,1,orange,test,42,2026
1637,3,17,T_8,5,blue,validation,42,2026
1638,3,18,T_4,1,orange,train,42,2026
1639,3,19,T_9,6,purple,validation,42,2026
1640,3,20,T_8,5,blue,train,42,2026
1641,3,21,T_7,4,cyan,train,42,2026
1642,3,23,T_6,3,green,train,42,2026
1643,3,25,T_5,2,yellow,train,42,2026
1644,3,26,T_3,0,red,validation,42,2026
1645,3,27,T_8,5,blue,train,42,2026
1646,3,28,T_5,2,yellow,train,42,2026
1647,3,29,T_3,0,red,train,42,2026
1648,3,30,T_9,6,purple,train,42,2026
1649,3,32,T_7,4,cyan,train,42,2026
1650,3,33,T_6,3,green,validation,42,2026
1651,3,35,T_4,1,orange,test,42,2026
1652,3,36,T_9,6,purple,validation,42,2026
1653,3,37,T_3,0,red,train,42,2026
1654,3,38,T_4,1,orange,test,42,2026
1655,3,40,T_5,2,yellow,validation,42,2026
1656,3,41,T_8,5,blue,train,42,2026
1657,3,42,T_7,4,cyan,train,42,2026
1658,3,44,T_6,3,green,train,42,2026
1659,3,0,T_8,5,blue,validation,42,2026
1660,3,3,T_4,1,orange,train,42,2026
1661,3,4,T_7,4,cyan,test,42,2026
1662,3,5,T_9,6,purple,train,42,2026
1663,3,6,T_3,0,red,train,42,2026
1664,3,7,T_6,3,green,train,42,2026
1665,3,8,T_5,2,yellow,train,42,2026
1666,3,9,T_4,1,orange,train,42,2026
1667,3,11,T_9,6,purple,test,42,2026
1668,3,12,T_5,2,yellow,train,42,2026
1669,3,13,T_3,0,red,train,42,2026
1670,3,14,T_8,5,blue,train,42,2026
1671,3,15,T_6,3,green,train,42,2026
1672,3,16,T_7,4,cyan,train,42,2026
1673,3,18,T_5,2,yellow,test,42,2026
1674,3,19,T_8,5,blue,train,42,2026
1675,3,20,T_7,4,cyan,train,42,2026
1676,3,21,T_4,1,orange,train,42,2026
1677,3,23,T_6,3,green,test,42,2026
1678,3,25,T_9,6,purple,train,42,2026
1679,3,26,T_3,0,red,validation,42,2026
1680,3,28,T_7,4,cyan,train,42,2026
1681,3,29,T_5,2,yellow,train,42,2026
1682,3,30,T_8,5,blue,validation,42,2026
1683,3,31,T_9,6,purple,train,42,2026
1684,3,32,T_6,3,green,train,42,2026
1685,3,34,T_3,0,red,validation,42,2026
1686,3,35,T_4,1,orange,train,42,2026
1687,3,36,T_8,5,blue,train,42,2026
1688,3,37,T_4,1,orange,train,42,2026
1689,3,38,T_3,0,red,validation,42,2026
1690,3,40,T_7,4,cyan,train,42,2026
1691,3,41,T_9,6,purple,train,42,2026
1692,3,43,T_6,3,green,train,42,2026
1693,3,44,T_5,2,yellow,validation,42,2026
1694,3,0,T_6,3,green,validation,42,2026
1695,3,1,T_9,6,purple,train,42,2026
1696,3,2,T_5,2,yellow,test,42,2026
1697,3,3,T_8,5,blue,train,42,2026
1698,3,5,T_3,0,red,validation,42,2026
1699,3,6,T_7,4,cyan,train,42,2026
1700,3,8,T_4,1,orange,validation,42,2026
1701,3,10,T_7,4,cyan,test,42,2026
1702,3,11,T_3,0,red,train,42,2026
1703,3,12,T_8,5,blue,train,42,2026
1704,3,13,T_9,6,purple,train,42,2026
1705,3,14,T_6,3,green,validation,42,2026
1706,3,15,T_5,2,yellow,train,42,2026
1707,3,16,T_4,1,orange,test,42,2026
1708,3,18,T_3,0,red,test,42,2026
1709,3,19,T_8,5,blue,test,42,2026
1710,3,20,T_5,2,yellow,train,42,2026
1711,3,21,T_7,4,cyan,test,42,2026
1712,3,22,T_6,3,green,train,42,2026
1713,3,24,T_9,6,purple,validation,42,2026
1714,3,25,T_4,1,orange,train,42,2026
1715,3,27,T_9,6,purple,train,42,2026
1716,3,29,T_6,3,green,validation,42,2026
1717,3,30,T_7,4,cyan,train,42,2026
1718,3,32,T_5,2,yellow,test,42,2026
1719,3,33,T_3,0,red,train,42,2026
1720,3,34,T_4,1,orange,validation,42,2026
1721,3,35,T_8,5,blue,train,42,2026
1722,3,37,T_9,6,purple,validation,42,2026
1723,3,38,T_8,5,blue,test,42,2026
1724,3,40,T_4,1,orange,train,42,2026
1725,3,41,T_3,0,red,train,42,2026
1726,3,42,T_6,3,green,validation,42,2026
1727,3,43,T_7,4,cyan,validation,42,2026
1728,3,44,T_5,2,yellow,validation,42,2026
1729,3,0,T_7,4,cyan,train,42,2026
1730,3,3,T_3,0,red,train,42,2026
1731,3,4,T_8,5,blue,train,42,2026
1732,3,5,T_4,1,orange,train,42,2026
1733,3,6,T_9,6,purple,test,42,2026
1734,3,7,T_6,3,green,train,42,2026
1735,3,8,T_5,2,yellow,train,42,2026
1736,3,9,T_9,6,purple,validation,42,2026
1737,3,11,T_5,2,yellow,validation,42,2026
1738,3,13,T_4,1,orange,test,42,2026
1739,3,14,T_6,3,green,validation,42,2026
1740,3,15,T_3,0,red,train,42,2026
1741,3,16,T_7,4,cyan,test,42,2026
1742,3,17,T_8,5,blue,train,42,2026
1743,3,18,T_4,1,orange,train,42,2026
1744,3,20,T_5,2,yellow,validation,42,2026
1745,3,21,T_7,4,cyan,test,42,2026
1746,3,22,T_3,0,red,test,42,2026
1747,3,23,T_9,6,purple,validation,42,2026
1748,3,24,T_6,3,green,test,42,2026
1749,3,26,T_8,5,blue,train,42,2026
1750,3,27,T_5,2,yellow,train,42,2026
1751,3,28,T_4,1,orange,train,42,2026
1752,3,29,T_6,3,green,train,42,2026
1753,3,30,T_3,0,red,train,42,2026
1754,3,32,T_7,4,cyan,train,42,2026
1755,3,33,T_8,5,blue,test,42,2026
1756,3,34,T_9,6,purple,train,42,2026
1757,3,36,T_7,4,cyan,train,42,2026
1758,3,39,T_4,1,orange,train,42,2026
1759,3,40,T_9,6,purple,train,42,2026
1760,3,41,T_3,0,red,test,42,2026
1761,3,42,T_6,3,green,train,42,2026
1762,3,43,T_5,2,yellow,train,42,2026
1763,3,44,T_8,5,blue,validation,42,2026
1764,3,1,T_8,5,blue,train,42,2026
1765,3,2,T_9,6,purple,train,42,2026
1766,3,3,T_7,4,cyan,train,42,2026
1767,3,4,T_6,3,green,test,42,2026
1768,3,5,T_3,0,red,train,42,2026
1769,3,6,T_4,1,orange,train,42,2026
1770,3,7,T_5,2,yellow,train,42,2026
1771,3,10,T_6,3,green,test,42,2026
1772,3,11,T_8,5,blue,train,42,2026
1773,3,12,T_9,6,purple,train,42,2026
1774,3,13,T_4,1,orange,test,42,2026
1775,3,14,T_7,4,cyan,train,42,2026
1776,3,16,T_3,0,red,validation,42,2026
1777,3,17,T_5,2,yellow,validation,42,2026
1778,3,18,T_3,0,red,train,42,2026
1779,3,19,T_4,1,orange,test,42,2026
1780,3,20,T_9,6,purple,train,42,2026
1781,3,21,T_8,5,blue,test,42,2026
1782,3,22,T_6,3,green,test,42,2026
1783,3,23,T_5,2,yellow,train,42,2026
1784,3,25,T_7,4,cyan,validation,42,2026
1785,3,27,T_8,5,blue,train,42,2026
1786,3,29,T_3,0,red,test,42,2026
1787,3,31,T_6,3,green,test,42,2026
1788,3,32,T_9,6,purple,train,42,2026
1789,3,33,T_4,1,orange,validation,42,2026
1790,3,34,T_5,2,yellow,train,42,2026
1791,3,35,T_7,4,cyan,train,42,2026
1792,3,36,T_3,0,red,train,42,2026
1793,3,38,T_6,3,green,train,42,2026
1794,3,39,T_9,6,purple,train,42,2026
1795,3,40,T_7,4,cyan,train,42,2026
1796,3,41,T_5,2,yellow,train,42,2026
1797,3,42,T_8,5,blue,test,42,2026
1798,3,44,T_4,1,orange,train,42,2026
1799,3,0,T_4,1,orange,test,42,2026
1800,3,1,T_8,5,blue,train,42,2026
1801,3,3,T_5,2,yellow,validation,42,2026
1802,3,4,T_6,3,green,train,42,2026
1803,3,5,T_3,0,red,validation,42,2026
1804,3,6,T_7,4,cyan,validation,42,2026
1805,3,8,T_9,6,purple,train,42,2026
1806,3,9,T_8,5,blue,train,42,2026
1807,3,10,T_7,4,cyan,validation,42,2026
1808,3,11,T_4,1,orange,train,42,2026
1809,3,12,T_5,2,yellow,train,42,2026
1810,3,14,T_9,6,purple,validation,42,2026
1811,3,16,T_3,0,red,train,42,2026
1812,3,17,T_6,3,green,test,42,2026
1813,3,18,T_5,2,yellow,test,42,2026
1814,3,19,T_7,4,cyan,validation,42,2026
1815,3,21,T_3,0,red,train,42,2026
1816,3,22,T_9,6,purple,train,42,2026
1817,3,24,T_8,5,blue,train,42,2026
1818,3,25,T_6,3,green,train,42,2026
1819,3,26,T_4,1,orange,train,42,2026
1820,3,27,T_6,3,green,test,42,2026
1821,3,28,T_9,6,purple,train,42,2026
1822,3,30,T_7,4,cyan,test,42,2026
1823,3,31,T_3,0,red,train,42,2026
1824,3,32,T_4,1,orange,train,42,2026
1825,3,33,T_8,5,blue,test,42,2026
1826,3,35,T_5,2,yellow,validation,42,2026
1827,3,36,T_6,3,green,train,42,2026
1828,3,37,T_9,6,purple,train,42,2026
1829,3,38,T_5,2,yellow,train,42,2026
1830,3,39,T_8,5,blue,train,42,2026
1831,3,40,T_7,4,cyan,train,42,2026
1832,3,42,T_3,0,red,train,42,2026
1833,3,44,T_4,1,orange,train,42,2026
1834,3,0,T_7,4,cyan,train,42,2026
1835,3,1,T_9,6,purple,train,42,2026
1836,3,2,T_5,2,yellow,train,42,2026
1837,3,3,T_3,0,red,train,42,2026
1838,3,5,T_4,1,orange,test,42,2026
1839,3,6,T_6,3,green,train,42,2026
1840,3,7,T_8,5,blue,train,42,2026
1841,3,9,T_9,6,purple,train,42,2026
1842,3,11,T_4,1,orange,train,42,2026
1843,3,12,T_6,3,green,train,42,2026
1844,3,13,T_7,4,cyan,validation,42,2026
1845,3,14,T_5,2,yellow,train,42,2026
1846,3,16,T_8,5,blue,train,42,2026
1847,3,17,T_3,0,red,test,42,2026
1848,3,18,T_3,0,red,train,42,2026
1849,3,19,T_4,1,orange,train,42,2026
1850,3,20,T_7,4,cyan,train,42,2026
1851,3,21,T_6,3,green,train,42,2026
1852,3,23,T_5,2,yellow,train,42,2026
1853,3,24,T_9,6,purple,train,42,2026
1854,3,25,T_8,5,blue,train,42,2026
1855,3,29,T_6,3,green,train,42,2026
1856,3,30,T_3,0,red,train,42,2026
1857,3,31,T_8,5,blue,train,42,2026
1858,3,32,T_9,6,purple,train,42,2026
1859,3,33,T_4,1,orange,validation,42,2026
1860,3,34,T_7,4,cyan,test,42,2026
1861,3,35,T_5,2,yellow,validation,42,2026
1862,3,36,T_8,5,blue,train,42,2026
1863,3,38,T_9,6,purple,train,42,2026
1864,3,39,T_5,2,yellow,train,42,2026
1865,3,40,T_7,4,cyan,test,42,2026
1866,3,41,T_3,0,red,test,42,2026
1867,3,42,T_4,1,orange,test,42,2026
1868,3,43,T_6,3,green,validation,42,2026
1869,3,0,T_8,5,blue,train,42,2026
1870,3,1,T_3,0,red,test,42,2026
1871,3,3,T_6,3,green,test,42,2026
1872,3,4,T_4,1,orange,train,42,2026
1873,3,5,T_5,2,yellow,train,42,2026
1874,3,6,T_9,6,purple,train,42,2026
1875,3,8,T_7,4,cyan,test,42,2026
1876,3,10,T_8,5,blue,train,42,2026
1877,3,11,T_9,6,purple,train,42,2026
1878,3,13,T_4,1,orange,train,42,2026
1879,3,14,T_7,4,cyan,validation,42,2026
1880,3,15,T_3,0,red,train,42,2026
1881,3,16,T_5,2,yellow,train,42,2026
1882,3,17,T_6,3,green,train,42,2026
1883,3,18,T_8,5,blue,train,42,2026
1884,3,19,T_6,3,green,train,42,2026
1885,3,20,T_9,6,purple,test,42,2026
1886,3,21,T_3,0,red,train,42,2026
1887,3,22,T_5,2,yellow,train,42,2026
1888,3,23,T_7,4,cyan,validation,42,2026
1889,3,25,T_4,1,orange,train,42,2026
1890,3,27,T_8,5,blue,train,42,2026
1891,3,28,T_5,2,yellow,validation,42,2026
1892,3,29,T_4,1,orange,train,42,2026
1893,3,30,T_9,6,purple,train,42,2026
1894,3,31,T_3,0,red,train,42,2026
1895,3,32,T_6,3,green,train,42,2026
1896,3,34,T_7,4,cyan,validation,42,2026
1897,3,36,T_9,6,purple,train,42,2026
1898,3,37,T_6,3,green,train,42,2026
1899,3,38,T_5,2,yellow,train,42,2026
1900,3,39,T_3,0,red,train,42,2026
1901,3,42,T_7,4,cyan,train,42,2026
1902,3,43,T_4,1,orange,train,42,2026
1903,3,44,T_8,5,blue,train,42,2026
1904,3,0,T_3,0,red,train,42,2026
1905,3,1,T_7,4,cyan,train,42,2026
1906,3,2,T_5,2,yellow,train,42,2026
1907,3,3,T_9,6,purple,train,42,2026
1908,3,4,T_6,3,green,validation,42,2026
1909,3,7,T_8,5,blue,test,42,2026
1910,3,8,T_4,1,orange,validation,42,2026
1911,3,9,T_8,5,blue,train,42,2026
1912,3,11,T_4,1,orange,validation,42,2026
1913,3,13,T_3,0,red,train,42,2026
1914,3,14,T_9,6,purple,train,42,2026
1915,3,15,T_7,4,cyan,validation,42,2026
1916,3,16,T_6,3,green,validation,42,2026
1917,3,17,T_5,2,yellow,test,42,2026
1918,3,18,T_4,1,orange,validation,42,2026
1919,3,19,T_7,4,cyan,test,42,2026
1920,3,20,T_9,6,purple,train,42,2026
1921,3,21,T_8,5,blue,validation,42,2026
1922,3,22,T_6,3,green,train,42,2026
1923,3,23,T_3,0,red,train,42,2026
1924,3,24,T_5,2,yellow,train,42,2026
1925,3,28,T_4,1,orange,test,42,2026
1926,3,29,T_8,5,blue,train,42,2026
1927,3,30,T_7,4,cyan,train,42,2026
1928,3,31,T_5,2,yellow,test,42,2026
1929,3,32,T_6,3,green,train,42,2026
1930,3,33,T_3,0,red,train,42,2026
1931,3,35,T_9,6,purple,train,42,2026
1932,3,38,T_3,0,red,train,42,2026
1933,3,39,T_7,4,cyan,validation,42,2026
1934,3,40,T_4,1,orange,train,42,2026
1935,3,41,T_6,3,green,train,42,2026
1936,3,42,T_8,5,blue,test,42,2026
1937,3,43,T_5,2,yellow,train,42,2026
1938,3,44,T_9,6,purple,train,42,2026
1939,3,0,T_7,4,cyan,train,42,2026
1940,3,1,T_6,3,green,train,42,2026
1941,3,2,T_9,6,purple,train,42,2026
1942,3,3,T_5,2,yellow,test,42,2026
1943,3,4,T_4,1,orange,test,42,2026
1944,3,5,T_8,5,blue,test,42,2026
1945,3,7,T_3,0,red,train,42,2026
1946,3,9,T_6,3,green,train,42,2026
1947,3,10,T_5,2,yellow,train,42,2026
1948,3,11,T_4,1,orange,train,42,2026
1949,3,13,T_7,4,cyan,train,42,2026
1950,3,14,T_8,5,blue,train,42,2026
1951,3,15,T_9,6,purple,train,42,2026
1952,3,17,T_3,0,red,train,42,2026
1953,3,19,T_8,5,blue,train,42,2026
1954,3,20,T_3,0,red,test,42,2026
1955,3,21,T_6,3,green,train,42,2026
1956,3,22,T_9,6,purple,train,42,2026
1957,3,24,T_7,4,cyan,train,42,2026
1958,3,25,T_4,1,orange,train,42,2026
1959,3,26,T_5,2,yellow,validation,42,2026
1960,3,27,T_6,3,green,test,42,2026
1961,3,29,T_9,6,purple,train,42,2026
1962,3,31,T_4,1,orange,train,42,2026
1963,3,32,T_7,4,cyan,validation,42,2026
1964,3,33,T_3,0,red,train,42,2026
1965,3,34,T_5,2,yellow,train,42,2026
1966,3,35,T_8,5,blue,train,42,2026
1967,3,36,T_6,3,green,train,42,2026
1968,3,37,T_5,2,yellow,train,42,2026
1969,3,39,T_3,0,red,train,42,2026
1970,3,40,T_7,4,cyan,train,42,2026
1971,3,41,T_8,5,blue,train,42,2026
1972,3,42,T_9,6,purple,train,42,2026
1973,3,44,T_4,1,orange,test,42,2026
1974,3,0,T_5,2,yellow,train,42,2026
1975,3,1,T_4,1,orange,train,42,2026
1976,3,2,T_6,3,green,validation,42,2026
1977,3,3,T_9,6,purple,train,42,2026
1978,3,4,T_8,5,blue,train,42,2026
1979,3,5,T_3,0,red,train,42,2026
1980,3,7,T_7,4,cyan,train,42,2026
1981,3,10,T_4,1,orange,test,42,2026
1982,3,12,T_7,4,cyan,train,42,2026
1983,3,13,T_3,0,red,validation,42,2026
1984,3,14,T_9,6,purple,train,42,2026
1985,3,15,T_5,2,yellow,validation,42,2026
1986,3,16,T_8,5,blue,test,42,2026
1987,3,17,T_6,3,green,train,42,2026
1988,3,18,T_7,4,cyan,train,42,2026
1989,3,19,T_8,5,blue,train,42,2026
1990,3,20,T_4,1,orange,validation,42,2026
1991,3,22,T_9,6,purple,validation,42,2026
1992,3,23,T_6,3,green,test,42,2026
1993,3,24,T_3,0,red,test,42,2026
1994,3,26,T_5,2,yellow,test,42,2026
1995,3,27,T_3,0,red,train,42,2026
1996,3,28,T_8,5,blue,train,42,2026
1997,3,29,T_6,3,green,train,42,2026
1998,3,31,T_5,2,yellow,train,42,2026
1999,3,32,T_4,1,orange,validation,42,2026
2000,3,34,T_7,4,cyan,train,42,2026
2001,3,35,T_9,6,purple,train,42,2026
2002,3,36,T_4,1,orange,train,42,2026
2003,3,37,T_3,0,red,train,42,2026
2004,3,38,T_6,3,green,train,42,2026
2005,3,39,T_8,5,blue,test,42,2026
2006,3,40,T_5,2,yellow,validation,42,2026
2007,3,41,T_7,4,cyan,train,42,2026
2008,3,44,T_9,6,purple,train,42,2026
2009,3,0,T_7,4,cyan,train,42,2026
2010,3,2,T_5,2,yellow,train,42,2026
2011,3,3,T_4,1,orange,test,42,2026
2012,3,4,T_3,0,red,train,42,2026
2013,3,5,T_8,5,blue,train,42,2026
2014,3,7,T_6,3,green,test,42,2026
2015,3,8,T_9,6,purple,train,42,2026
2016,3,9,T_5,2,yellow,validation,42,2026
2017,3,10,T_7,4,cyan,train,42,2026
2018,3,11,T_6,3,green,validation,42,2026
2019,3,12,T_3,0,red,train,42,2026
2020,3,13,T_4,1,orange,train,42,2026
2021,3,14,T_9,6,purple,train,42,2026
2022,3,15,T_8,5,blue,validation,42,2026
2023,3,18,T_3,0,red,train,42,2026
2024,3,19,T_6,3,green,train,42,2026
2025,3,21,T_7,4,cyan,train,42,2026
2026,3,22,T_9,6,purple,train,42,2026
2027,3,23,T_8,5,blue,test,42,2026
2028,3,25,T_4,1,orange,validation,42,2026
2029,3,26,T_5,2,yellow,validation,42,2026
2030,3,27,T_6,3,green,train,42,2026
2031,3,28,T_9,6,purple,test,42,2026
2032,3,29,T_4,1,orange,train,42,2026
2033,3,30,T_7,4,cyan,test,42,2026
2034,3,32,T_8,5,blue,test,42,2026
2035,3,34,T_5,2,yellow,test,42,2026
2036,3,35,T_3,0,red,train,42,2026
2037,3,36,T_7,4,cyan,train,42,2026
2038,3,37,T_6,3,green,validation,42,2026
2039,3,39,T_9,6,purple,train,42,2026
2040,3,40,T_8,5,blue,train,42,2026
2041,3,41,T_4,1,orange,train,42,2026
2042,3,42,T_3,0,red,test,42,2026
2043,3,44,T_5,2,yellow,train,42,2026
2044,3,0,T_4,1,orange,train,42,2026
2045,3,1,T_8,5,blue,train,42,2026
2046,3,3,T_9,6,purple,validation,42,2026
2047,3,4,T_6,3,green,train,42,2026
2048,3,5,T_3,0,red,train,42,2026
2049,3,6,T_7,4,cyan,train,42,2026
2050,3,8,T_5,2,yellow,train,42,2026
2051,3,9,T_5,2,yellow,test,42,2026
2052,3,10,T_7,4,cyan,test,42,2026
2053,3,12,T_4,1,orange,validation,42,2026
2054,3,13,T_9,6,purple,train,42,2026
2055,3,15,T_3,0,red,train,42,2026
2056,3,16,T_8,5,blue,test,42,2026
2057,3,17,T_6,3,green,train,42,2026
2058,3,18,T_9,6,purple,train,42,2026
2059,3,19,T_7,4,cyan,train,42,2026
2060,3,20,T_5,2,yellow,train,42,2026
2061,3,21,T_3,0,red,test,42,2026
2062,3,23,T_4,1,orange,train,42,2026
2063,3,25,T_8,5,blue,train,42,2026
2064,3,26,T_6,3,green,test,42,2026
2065,3,27,T_5,2,yellow,test,42,2026
2066,3,29,T_9,6,purple,train,42,2026
2067,3,30,T_7,4,cyan,train,42,2026
2068,3,32,T_3,0,red,test,42,2026
2069,3,33,T_8,5,blue,train,42,2026
2070,3,34,T_6,3,green,train,42,2026
2071,3,35,T_4,1,orange,train,42,2026
2072,3,36,T_3,0,red,train,42,2026
2073,3,38,T_6,3,green,train,42,2026
2074,3,39,T_5,2,yellow,train,42,2026
2075,3,40,T_7,4,cyan,train,42,2026
2076,3,41,T_4,1,orange,validation,42,2026
2077,3,42,T_8,5,blue,test,42,2026
2078,3,44,T_9,6,purple,train,42,2026
2079,3,0,T_4,1,orange,validation,42,2026
2080,3,1,T_8,5,blue,train,42,2026
2081,3,2,T_6,3,green,train,42,2026
2082,3,3,T_7,4,cyan,train,42,2026
2083,3,4,T_3,0,red,train,42,2026
2084,3,5,T_5,2,yellow,train,42,2026
2085,3,8,T_9,6,purple,train,42,2026
2086,3,9,T_9,6,purple,test,42,2026
2087,3,10,T_5,2,yellow,train,42,2026
2088,3,12,T_7,4,cyan,validation,42,2026
2089,3,14,T_8,5,blue,validation,42,2026
2090,3,15,T_6,3,green,train,42,2026
2091,3,16,T_3,0,red,test,42,2026
2092,3,17,T_4,1,orange,train,42,2026
2093,3,20,T_7,4,cyan,test,42,2026
2094,3,21,T_3,0,red,test,42,2026
2095,3,22,T_4,1,orange,test,42,2026
2096,3,23,T_8,5,blue,train,42,2026
2097,3,24,T_6,3,green,train,42,2026
2098,3,25,T_5,2,yellow,train,42,2026
2099,3,26,T_9,6,purple,train,42,2026
2100,3,28,T_7,4,cyan,test,42,2026
2101,3,29,T_8,5,blue,test,42,2026
2102,3,31,T_5,2,yellow,test,42,2026
2103,3,32,T_3,0,red,train,42,2026
2104,3,33,T_6,3,green,train,42,2026
2105,3,34,T_9,6,purple,test,42,2026
2106,3,35,T_4,1,orange,train,42,2026
2107,3,36,T_5,2,yellow,test,42,2026
2108,3,37,T_4,1,orange,train,42,2026
2109,3,38,T_6,3,green,validation,42,2026
2110,3,39,T_7,4,cyan,train,42,2026
2111,3,40,T_9,6,purple,test,42,2026
2112,3,41,T_3,0,red,train,42,2026
2113,3,44,T_8,5,blue,validation,42,2026
2114,3,0,T_3,0,red,train,42,2026
2115,3,1,T_6,3,green,train,42,2026
2116,3,3,T_8,5,blue,validation,42,2026
2117,3,4,T_5,2,yellow,validation,42,2026
2118,3,6,T_7,4,cyan,test,42,2026
2119,3,7,T_4,1,orange,validation,42,2026
2120,3,8,T_9,6,purple,test,42,2026
2121,3,9,T_7,4,cyan,train,42,2026
2122,3,10,T_9,6,purple,train,42,2026
2123,3,12,T_6,3,green,train,42,2026
2124,3,13,T_3,0,red,train,42,2026
2125,3,14,T_4,1,orange,train,42,2026
2126,3,16,T_8,5,blue,test,42,2026
2127,3,17,T_5,2,yellow,test,42,2026
2128,3,18,T_7,4,cyan,train,42,2026
2129,3,19,T_4,1,orange,train,42,2026
2130,3,20,T_8,5,blue,train,42,2026
2131,3,21,T_3,0,red,train,42,2026
2132,3,22,T_9,6,purple,test,42,2026
2133,3,24,T_6,3,green,train,42,2026
2134,3,26,T_5,2,yellow,train,42,2026
2135,3,27,T_7,4,cyan,train,42,2026
2136,3,28,T_9,6,purple,train,42,2026
2137,3,29,T_5,2,yellow,train,42,2026
2138,3,30,T_3,0,red,train,42,2026
2139,3,31,T_6,3,green,train,42,2026
2140,3,32,T_8,5,blue,train,42,2026
2141,3,33,T_4,1,orange,train,42,2026
2142,3,36,T_6,3,green,validation,42,2026
2143,3,37,T_5,2,yellow,test,42,2026
2144,3,38,T_3,0,red,train,42,2026
2145,3,40,T_8,5,blue,train,42,2026
2146,3,41,T_4,1,orange,train,42,2026
2147,3,42,T_7,4,cyan,train,42,2026
2148,3,43,T_9,6,purple,test,42,2026
2149,3,0,T_7,4,cyan,train,42,2026
2150,3,1,T_4,1,orange,train,42,2026
2151,3,2,T_6,3,green,train,42,2026
2152,3,4,T_3,0,red,train,42,2026
2153,3,5,T_8,5,blue,train,42,2026
2154,3,7,T_9,6,purple,train,42,2026
2155,3,8,T_5,2,yellow,train,42,2026
2156,3,9,T_3,0,red,test,42,2026
2157,3,11,T_5,2,yellow,train,42,2026
2158,3,12,T_6,3,green,test,42,2026
2159,3,13,T_4,1,orange,test,42,2026
2160,3,14,T_7,4,cyan,test,42,2026
2161,3,16,T_8,5,blue,train,42,2026
2162,3,17,T_9,6,purple,train,42,2026
2163,3,19,T_9,6,purple,train,42,2026
2164,3,20,T_6,3,green,test,42,2026
2165,3,21,T_3,0,red,validation,42,2026
2166,3,23,T_5,2,yellow,validation,42,2026
2167,3,24,T_8,5,blue,test,42,2026
2168,3,25,T_7,4,cyan,train,42,2026
2169,3,26,T_4,1,orange,train,42,2026
2170,3,27,T_3,0,red,validation,42,2026
2171,3,29,T_7,4,cyan,train,42,2026
2172,3,30,T_4,1,orange,train,42,2026
2173,3,31,T_5,2,yellow,test,42,2026
2174,3,33,T_9,6,purple,train,42,2026
2175,3,34,T_8,5,blue,test,42,2026
2176,3,35,T_6,3,green,test,42,2026
2177,3,37,T_5,2,yellow,train,42,2026
2178,3,38,T_4,1,orange,train,42,2026
2179,3,39,T_8,5,blue,train,42,2026
2180,3,41,T_9,6,purple,validation,42,2026
2181,3,42,T_6,3,green,train,42,2026
2182,3,43,T_3,0,red,validation,42,2026
2183,3,44,T_7,4,cyan,validation,42,2026
2184,3,0,T_7,4,cyan,train,42,2026
2185,3,1,T_8,5,blue,train,42,2026
2186,3,2,T_6,3,green,validation,42,2026
2187,3,3,T_5,2,yellow,train,42,2026
2188,3,4,T_4,1,orange,validation,42,2026
2189,3,7,T_9,6,purple,validation,42,2026
2190,3,8,T_3,0,red,validation,42,2026
2191,3,9,T_7,4,cyan,test,42,2026
2192,3,11,T_3,0,red,test,42,2026
2193,3,12,T_8,5,blue,train,42,2026
2194,3,14,T_9,6,purple,validation,42,2026
2195,3,15,T_5,2,yellow,train,42,2026
2196,3,16,T_6,3,green,test,42,2026
2197,3,17,T_4,1,orange,train,42,2026
2198,3,18,T_8,5,blue,train,42,2026
2199,3,19,T_9,6,purple,train,42,2026
2200,3,21,T_7,4,cyan,test,42,2026
2201,3,22,T_4,1,orange,train,42,2026
2202,3,24,T_6,3,green,train,42,2026
2203,3,25,T_5,2,yellow,train,42,2026
2204,3,26,T_3,0,red,validation,42,2026
2205,3,27,T_3,0,red,train,42,2026
2206,3,28,T_7,4,cyan,train,42,2026
2207,3,31,T_5,2,yellow,train,42,2026
2208,3,32,T_8,5,blue,train,42,2026
2209,3,33,T_6,3,green,train,42,2026
2210,3,34,T_4,1,orange,test,42,2026
2211,3,35,T_9,6,purple,validation,42,2026
2212,3,36,T_9,6,purple,train,42,2026
2213,3,39,T_3,0,red,train,42,2026
2214,3,40,T_5,2,yellow,train,42,2026
2215,3,41,T_6,3,green,train,42,2026
2216,3,42,T_4,1,orange,test,42,2026
2217,3,43,T_7,4,cyan,train,42,2026
2218,3,44,T_8,5,blue,train,42,2026
2219,3,0,T_8,5,blue,train,42,2026
2220,3,2,T_4,1,orange,train,42,2026
2221,3,3,T_9,6,purple,test,42,2026
2222,3,5,T_7,4,cyan,train,42,2026
2223,3,6,T_6,3,green,test,42,2026
2224,3,7,T_3,0,red,validation,42,2026
2225,3,8,T_5,2,yellow,train,42,2026
2226,3,9,T_6,3,green,test,42,2026
2227,3,10,T_9,6,purple,test,42,2026
2228,3,12,T_5,2,yellow,train,42,2026
2229,3,13,T_8,5,blue,train,42,2026
2230,3,14,T_4,1,orange,train,42,2026
2231,3,16,T_3,0,red,train,42,2026
2232,3,17,T_7,4,cyan,train,42,2026
2233,3,19,T_4,1,orange,train,42,2026
2234,3,20,T_5,2,yellow,test,42,2026
2235,3,21,T_3,0,red,test,42,2026
2236,3,23,T_9,6,purple,validation,42,2026
2237,3,24,T_6,3,green,train,42,2026
2238,3,25,T_7,4,cyan,test,42,2026
2239,3,26,T_8,5,blue,train,42,2026
2240,3,27,T_3,0,red,train,42,2026
2241,3,28,T_6,3,green,test,42,2026
2242,3,29,T_8,5,blue,test,42,2026
2243,3,30,T_9,6,purple,test,42,2026
2244,3,31,T_7,4,cyan,train,42,2026
2245,3,32,T_4,1,orange,test,42,2026
2246,3,35,T_5,2,yellow,train,42,2026
2247,3,36,T_4,1,orange,train,42,2026
2248,3,37,T_5,2,yellow,train,42,2026
2249,3,38,T_8,5,blue,validation,42,2026
2250,3,39,T_3,0,red,test,42,2026
2251,3,42,T_6,3,green,train,42,2026
2252,3,43,T_7,4,cyan,train,42,2026
2253,3,44,T_9,6,purple,test,42,2026
2254,3,0,T_9,6,purple,validation,42,2026
2255,3,2,T_5,2,yellow,train,42,2026
2256,3,3,T_6,3,green,train,42,2026
2257,3,4,T_3,0,red,test,42,2026
2258,3,5,T_4,1,orange,train,42,2026
2259,3,6,T_7,4,cyan,train,42,2026
2260,3,7,T_8,5,blue,validation,42,2026
2261,3,9,T_6,3,green,validation,42,2026
2262,3,10,T_7,4,cyan,train,42,2026
2263,3,12,T_4,1,orange,test,42,2026
2264,3,13,T_3,0,red,train,42,2026
2265,3,15,T_9,6,purple,test,42,2026
2266,3,16,T_5,2,yellow,test,42,2026
2267,3,17,T_8,5,blue,train,42,2026
2268,3,19,T_4,1,orange,train,42,2026
2269,3,21,T_8,5,blue,validation,42,2026
2270,3,22,T_3,0,red,train,42,2026
2271,3,23,T_5,2,yellow,validation,42,2026
2272,3,24,T_6,3,green,train,42,2026
2273,3,25,T_7,4,cyan,train,42,2026
2274,3,26,T_9,6,purple,train,42,2026
2275,3,27,T_3,0,red,train,42,2026
2276,3,28,T_4,1,orange,train,42,2026
2277,3,29,T_8,5,blue,train,42,2026
2278,3,31,T_6,3,green,train,42,2026
2279,3,33,T_7,4,cyan,train,42,2026
2280,3,34,T_5,2,yellow,train,42,2026
2281,3,35,T_9,6,purple,train,42,2026
2282,3,38,T_4,1,orange,train,42,2026
2283,3,39,T_7,4,cyan,validation,42,2026
2284,3,40,T_9,6,purple,train,42,2026
2285,3,41,T_6,3,green,train,42,2026
2286,3,42,T_3,0,red,train,42,2026
2287,3,43,T_8,5,blue,train,42,2026
2288,3,44,T_5,2,yellow,test,42,2026
2289,3,0,T_9,6,purple,test,42,2026
2290,3,1,T_4,1,orange,validation,42,2026
2291,3,2,T_5,2,yellow,train,42,2026
2292,3,3,T_7,4,cyan,train,42,2026
2293,3,4,T_6,3,green,test,42,2026
2294,3,7,T_8,5,blue,train,42,2026
2295,3,8,T_3,0,red,test,42,2026
2296,3,10,T_7,4,cyan,train,42,2026
2297,3,11,T_4,1,orange,train,42,2026
2298,3,12,T_5,2,yellow,test,42,2026
2299,3,13,T_9,6,purple,test,42,2026
2300,3,15,T_3,0,red,train,42,2026
2301,3,16,T_8,5,blue,train,42,2026
2302,3,17,T_6,3,green,test,42,2026
2303,3,18,T_4,1,orange,test,42,2026
2304,3,19,T_8,5,blue,train,42,2026
2305,3,20,T_6,3,green,validation,42,2026
2306,3,21,T_9,6,purple,train,42,2026
2307,3,22,T_5,2,yellow,validation,42,2026
2308,3,23,T_7,4,cyan,validation,42,2026
2309,3,25,T_3,0,red,train,42,2026
2310,3,27,T_4,1,orange,train,42,2026
2311,3,28,T_5,2,yellow,test,42,2026
2312,3,29,T_8,5,blue,train,42,2026
2313,3,31,T_6,3,green,train,42,2026
2314,3,32,T_7,4,cyan,train,42,2026
2315,3,33,T_9,6,purple,train,42,2026
2316,3,34,T_3,0,red,train,42,2026
2317,3,36,T_8,5,blue,validation,42,2026
2318,3,37,T_4,1,orange,train,42,2026
2319,3,38,T_7,4,cyan,train,42,2026
2320,3,39,T_3,0,red,test,42,2026
2321,3,40,T_5,2,yellow,test,42,2026
2322,3,43,T_6,3,green,test,42,2026
2323,3,44,T_9,6,purple,test,42,2026
2324,3,0,T_5,2,yellow,train,42,2026
2325,3,1,T_3,0,red,train,42,2026
2326,3,2,T_7,4,cyan,test,42,2026
2327,3,3,T_8,5,blue,train,42,2026
2328,3,4,T_6,3,green,validation,42,2026
2329,3,5,T_9,6,purple,train,42,2026
2330,3,6,T_4,1,orange,test,42,2026
2331,3,9,T_8,5,blue,validation,42,2026
2332,3,10,T_5,2,yellow,train,42,2026
2333,3,11,T_7,4,cyan,train,42,2026
2334,3,12,T_9,6,purple,train,42,2026
2335,3,13,T_4,1,orange,train,42,2026
2336,3,16,T_6,3,green,train,42,2026
2337,3,17,T_3,0,red,train,42,2026
2338,3,19,T_9,6,purple,train,42,2026
2339,3,20,T_3,0,red,train,42,2026
2340,3,21,T_6,3,green,validation,42,2026
2341,3,22,T_4,1,orange,train,42,2026
2342,3,23,T_7,4,cyan,train,42,2026
2343,3,24,T_8,5,blue,validation,42,2026
2344,3,25,T_5,2,yellow,train,42,2026
2345,3,28,T_7,4,cyan,train,42,2026
2346,3,29,T_6,3,green,train,42,2026
2347,3,30,T_3,0,red,validation,42,2026
2348,3,32,T_5,2,yellow,validation,42,2026
2349,3,33,T_8,5,blue,test,42,2026
2350,3,34,T_9,6,purple,train,42,2026
2351,3,35,T_4,1,orange,train,42,2026
2352,3,36,T_5,2,yellow,train,42,2026
2353,3,37,T_8,5,blue,train,42,2026
2354,3,39,T_7,4,cyan,train,42,2026
2355,3,41,T_4,1,orange,validation,42,2026
2356,3,42,T_9,6,purple,train,42,2026
2357,3,43,T_6,3,green,test,42,2026
2358,3,44,T_3,0,red,test,42,2026
