"sample_idx","session_index","epoch_idx","raw_label","label","label_name"
"0","0","1","T_5","2","yellow"
"1","0","2","T_3","0","red"
"2","0","3","T_4","1","orange"
"3","0","5","T_8","5","blue"
"4","0","6","T_6","3","green"
"5","0","7","T_7","4","cyan"
"6","0","8","T_9","6","purple"
"7","0","11","T_3","0","red"
"8","0","12","T_9","6","purple"
"9","0","13","T_7","4","cyan"
"10","0","14","T_8","5","blue"
"11","0","15","T_4","1","orange"
"12","0","16","T_5","2","yellow"
"13","0","17","T_6","3","green"
"14","0","18","T_8","5","blue"
"15","0","20","T_3","0","red"
"16","0","22","T_5","2","yellow"
"17","0","23","T_7","4","cyan"
"18","0","24","T_6","3","green"
"19","0","25","T_4","1","orange"
"20","0","26","T_9","6","purple"
"21","0","27","T_3","0","red"
"22","0","28","T_8","5","blue"
"23","0","29","T_7","4","cyan"
"24","0","30","T_6","3","green"
"25","0","31","T_9","6","purple"
"26","0","32","T_4","1","orange"
"27","0","33","T_5","2","yellow"
"28","0","36","T_8","5","blue"
"29","0","39","T_5","2","yellow"
"30","0","40","T_3","0","red"
"31","0","41","T_6","3","green"
"32","0","42","T_9","6","purple"
"33","0","43","T_7","4","cyan"
"34","0","44","T_4","1","orange"
"35","0","1","T_5","2","yellow"
"36","0","2","T_3","0","red"
"37","0","3","T_4","1","orange"
"38","0","5","T_8","5","blue"
"39","0","6","T_6","3","green"
"40","0","7","T_7","4","cyan"
"41","0","8","T_9","6","purple"
"42","0","11","T_3","0","red"
"43","0","12","T_9","6","purple"
"44","0","13","T_7","4","cyan"
"45","0","14","T_8","5","blue"
"46","0","15","T_4","1","orange"
"47","0","16","T_5","2","yellow"
"48","0","17","T_6","3","green"
"49","0","18","T_8","5","blue"
"50","0","20","T_3","0","red"
"51","0","22","T_5","2","yellow"
"52","0","23","T_7","4","cyan"
"53","0","24","T_6","3","green"
"54","0","25","T_4","1","orange"
"55","0","26","T_9","6","purple"
"56","0","27","T_3","0","red"
"57","0","28","T_8","5","blue"
"58","0","29","T_7","4","cyan"
"59","0","30","T_6","3","green"
"60","0","31","T_9","6","purple"
"61","0","32","T_4","1","orange"
"62","0","33","T_5","2","yellow"
"63","0","36","T_8","5","blue"
"64","0","39","T_5","2","yellow"
"65","0","40","T_3","0","red"
"66","0","41","T_6","3","green"
"67","0","42","T_9","6","purple"
"68","0","43","T_7","4","cyan"
"69","0","44","T_4","1","orange"
"70","0","1","T_5","2","yellow"
"71","0","2","T_3","0","red"
"72","0","3","T_4","1","orange"
"73","0","5","T_8","5","blue"
"74","0","6","T_6","3","green"
"75","0","7","T_7","4","cyan"
"76","0","8","T_9","6","purple"
"77","0","11","T_3","0","red"
"78","0","12","T_9","6","purple"
"79","0","13","T_7","4","cyan"
"80","0","14","T_8","5","blue"
"81","0","15","T_4","1","orange"
"82","0","16","T_5","2","yellow"
"83","0","17","T_6","3","green"
"84","0","18","T_8","5","blue"
"85","0","20","T_3","0","red"
"86","0","22","T_5","2","yellow"
"87","0","23","T_7","4","cyan"
"88","0","24","T_6","3","green"
"89","0","25","T_4","1","orange"
"90","0","26","T_9","6","purple"
"91","0","27","T_3","0","red"
"92","0","28","T_8","5","blue"
"93","0","29","T_7","4","cyan"
"94","0","30","T_6","3","green"
"95","0","31","T_9","6","purple"
"96","0","32","T_4","1","orange"
"97","0","33","T_5","2","yellow"
"98","0","36","T_8","5","blue"
"99","0","39","T_5","2","yellow"
"100","0","40","T_3","0","red"
"101","0","41","T_6","3","green"
"102","0","42","T_9","6","purple"
"103","0","43","T_7","4","cyan"
"104","0","44","T_4","1","orange"
"105","0","0","T_4","1","orange"
"106","0","1","T_8","5","blue"
"107","0","2","T_6","3","green"
"108","0","3","T_3","0","red"
"109","0","5","T_9","6","purple"
"110","0","6","T_5","2","yellow"
"111","0","8","T_7","4","cyan"
"112","0","9","T_8","5","blue"
"113","0","10","T_6","3","green"
"114","0","11","T_4","1","orange"
"115","0","12","T_5","2","yellow"
"116","0","14","T_3","0","red"
"117","0","15","T_7","4","cyan"
"118","0","17","T_9","6","purple"
"119","0","18","T_8","5","blue"
"120","0","19","T_5","2","yellow"
"121","0","20","T_7","4","cyan"
"122","0","21","T_6","3","green"
"123","0","22","T_3","0","red"
"124","0","23","T_9","6","purple"
"125","0","25","T_4","1","orange"
"126","0","27","T_6","3","green"
"127","0","29","T_7","4","cyan"
"128","0","30","T_5","2","yellow"
"129","0","31","T_4","1","orange"
"130","0","32","T_3","0","red"
"131","0","33","T_9","6","purple"
"132","0","34","T_8","5","blue"
"133","0","36","T_9","6","purple"
"134","0","38","T_5","2","yellow"
"135","0","40","T_3","0","red"
"136","0","41","T_8","5","blue"
"137","0","42","T_4","1","orange"
"138","0","43","T_7","4","cyan"
"139","0","44","T_6","3","green"
"140","0","0","T_7","4","cyan"
"141","0","1","T_9","6","purple"
"142","0","2","T_4","1","orange"
"143","0","5","T_3","0","red"
"144","0","6","T_5","2","yellow"
"145","0","7","T_8","5","blue"
"146","0","8","T_6","3","green"
"147","0","9","T_7","4","cyan"
"148","0","10","T_6","3","green"
"149","0","11","T_8","5","blue"
"150","0","12","T_5","2","yellow"
"151","0","13","T_9","6","purple"
"152","0","16","T_3","0","red"
"153","0","17","T_4","1","orange"
"154","0","18","T_5","2","yellow"
"155","0","19","T_7","4","cyan"
"156","0","20","T_4","1","orange"
"157","0","21","T_3","0","red"
"158","0","23","T_6","3","green"
"159","0","24","T_9","6","purple"
"160","0","25","T_8","5","blue"
"161","0","27","T_6","3","green"
"162","0","28","T_5","2","yellow"
"163","0","30","T_9","6","purple"
"164","0","31","T_8","5","blue"
"165","0","33","T_7","4","cyan"
"166","0","34","T_4","1","orange"
"167","0","35","T_3","0","red"
"168","0","36","T_4","1","orange"
"169","0","38","T_9","6","purple"
"170","0","39","T_3","0","red"
"171","0","40","T_5","2","yellow"
"172","0","41","T_7","4","cyan"
"173","0","42","T_6","3","green"
"174","0","43","T_8","5","blue"
"175","0","0","T_6","3","green"
"176","0","2","T_5","2","yellow"
"177","0","3","T_9","6","purple"
"178","0","4","T_7","4","cyan"
"179","0","5","T_8","5","blue"
"180","0","7","T_3","0","red"
"181","0","8","T_4","1","orange"
"182","0","10","T_6","3","green"
"183","0","11","T_4","1","orange"
"184","0","13","T_8","5","blue"
"185","0","14","T_5","2","yellow"
"186","0","15","T_7","4","cyan"
"187","0","16","T_9","6","purple"
"188","0","17","T_3","0","red"
"189","0","18","T_3","0","red"
"190","0","19","T_4","1","orange"
"191","0","20","T_9","6","purple"
"192","0","21","T_8","5","blue"
"193","0","22","T_5","2","yellow"
"194","0","24","T_7","4","cyan"
"195","0","26","T_6","3","green"
"196","0","27","T_8","5","blue"
"197","0","28","T_9","6","purple"
"198","0","29","T_7","4","cyan"
"199","0","30","T_3","0","red"
"200","0","31","T_5","2","yellow"
"201","0","32","T_4","1","orange"
"202","0","33","T_6","3","green"
"203","0","37","T_6","3","green"
"204","0","38","T_7","4","cyan"
"205","0","40","T_3","0","red"
"206","0","41","T_8","5","blue"
"207","0","42","T_4","1","orange"
"208","0","43","T_9","6","purple"
"209","0","44","T_5","2","yellow"
"210","0","1","T_8","5","blue"
"211","0","3","T_9","6","purple"
"212","0","4","T_3","0","red"
"213","0","5","T_6","3","green"
"214","0","6","T_5","2","yellow"
"215","0","7","T_7","4","cyan"
"216","0","8","T_4","1","orange"
"217","0","10","T_8","5","blue"
"218","0","11","T_3","0","red"
"219","0","12","T_7","4","cyan"
"220","0","13","T_4","1","orange"
"221","0","14","T_9","6","purple"
"222","0","15","T_5","2","yellow"
"223","0","17","T_6","3","green"
"224","0","18","T_8","5","blue"
"225","0","19","T_9","6","purple"
"226","0","20","T_5","2","yellow"
"227","0","22","T_3","0","red"
"228","0","23","T_6","3","green"
"229","0","24","T_7","4","cyan"
"230","0","26","T_4","1","orange"
"231","0","27","T_5","2","yellow"
"232","0","29","T_8","5","blue"
"233","0","30","T_9","6","purple"
"234","0","31","T_4","1","orange"
"235","0","32","T_7","4","cyan"
"236","0","33","T_6","3","green"
"237","0","34","T_3","0","red"
"238","0","36","T_7","4","cyan"
"239","0","38","T_6","3","green"
"240","0","39","T_4","1","orange"
"241","0","40","T_9","6","purple"
"242","0","42","T_5","2","yellow"
"243","0","43","T_3","0","red"
"244","0","44","T_8","5","blue"
"245","0","1","T_9","6","purple"
"246","0","2","T_6","3","green"
"247","0","3","T_7","4","cyan"
"248","0","4","T_3","0","red"
"249","0","6","T_4","1","orange"
"250","0","7","T_5","2","yellow"
"251","0","8","T_8","5","blue"
"252","0","10","T_3","0","red"
"253","0","11","T_4","1","orange"
"254","0","12","T_6","3","green"
"255","0","13","T_7","4","cyan"
"256","0","14","T_5","2","yellow"
"257","0","15","T_8","5","blue"
"258","0","17","T_9","6","purple"
"259","0","18","T_3","0","red"
"260","0","19","T_6","3","green"
"261","0","20","T_4","1","orange"
"262","0","23","T_7","4","cyan"
"263","0","24","T_5","2","yellow"
"264","0","25","T_9","6","purple"
"265","0","26","T_8","5","blue"
"266","0","27","T_5","2","yellow"
"267","0","28","T_6","3","green"
"268","0","29","T_3","0","red"
"269","0","31","T_8","5","blue"
"270","0","32","T_7","4","cyan"
"271","0","33","T_4","1","orange"
"272","0","35","T_9","6","purple"
"273","0","36","T_3","0","red"
"274","0","37","T_5","2","yellow"
"275","0","38","T_6","3","green"
"276","0","39","T_4","1","orange"
"277","0","41","T_9","6","purple"
"278","0","42","T_7","4","cyan"
"279","0","44","T_8","5","blue"
"280","0","0","T_3","0","red"
"281","0","1","T_9","6","purple"
"282","0","3","T_8","5","blue"
"283","0","4","T_7","4","cyan"
"284","0","5","T_4","1","orange"
"285","0","7","T_6","3","green"
"286","0","8","T_5","2","yellow"
"287","0","9","T_7","4","cyan"
"288","0","10","T_5","2","yellow"
"289","0","11","T_4","1","orange"
"290","0","12","T_9","6","purple"
"291","0","14","T_6","3","green"
"292","0","16","T_3","0","red"
"293","0","17","T_8","5","blue"
"294","0","18","T_3","0","red"
"295","0","19","T_6","3","green"
"296","0","20","T_4","1","orange"
"297","0","21","T_9","6","purple"
"298","0","22","T_8","5","blue"
"299","0","23","T_7","4","cyan"
"300","0","26","T_5","2","yellow"
"301","0","27","T_6","3","green"
"302","0","28","T_9","6","purple"
"303","0","29","T_8","5","blue"
"304","0","31","T_7","4","cyan"
"305","0","33","T_3","0","red"
"306","0","34","T_4","1","orange"
"307","0","35","T_5","2","yellow"
"308","0","37","T_5","2","yellow"
"309","0","38","T_7","4","cyan"
"310","0","40","T_9","6","purple"
"311","0","41","T_3","0","red"
"312","0","42","T_8","5","blue"
"313","0","43","T_4","1","orange"
"314","0","44","T_6","3","green"
"315","0","0","T_3","0","red"
"316","0","1","T_4","1","orange"
"317","0","2","T_5","2","yellow"
"318","0","5","T_8","5","blue"
"319","0","6","T_7","4","cyan"
"320","0","7","T_6","3","green"
"321","0","8","T_9","6","purple"
"322","0","9","T_4","1","orange"
"323","0","10","T_7","4","cyan"
"324","0","11","T_6","3","green"
"325","0","12","T_5","2","yellow"
"326","0","13","T_9","6","purple"
"327","0","14","T_3","0","red"
"328","0","15","T_8","5","blue"
"329","0","18","T_4","1","orange"
"330","0","19","T_7","4","cyan"
"331","0","21","T_6","3","green"
"332","0","22","T_5","2","yellow"
"333","0","23","T_3","0","red"
"334","0","24","T_9","6","purple"
"335","0","25","T_8","5","blue"
"336","0","27","T_9","6","purple"
"337","0","29","T_7","4","cyan"
"338","0","30","T_8","5","blue"
"339","0","31","T_4","1","orange"
"340","0","32","T_5","2","yellow"
"341","0","33","T_6","3","green"
"342","0","35","T_3","0","red"
"343","0","36","T_7","4","cyan"
"344","0","37","T_4","1","orange"
"345","0","38","T_9","6","purple"
"346","0","39","T_3","0","red"
"347","0","40","T_8","5","blue"
"348","0","43","T_6","3","green"
"349","0","44","T_5","2","yellow"
"350","0","0","T_9","6","purple"
"351","0","1","T_5","2","yellow"
"352","0","2","T_6","3","green"
"353","0","3","T_3","0","red"
"354","0","4","T_4","1","orange"
"355","0","7","T_8","5","blue"
"356","0","8","T_7","4","cyan"
"357","0","9","T_4","1","orange"
"358","0","10","T_8","5","blue"
"359","0","11","T_5","2","yellow"
"360","0","14","T_6","3","green"
"361","0","15","T_9","6","purple"
"362","0","16","T_3","0","red"
"363","0","17","T_7","4","cyan"
"364","0","18","T_4","1","orange"
"365","0","19","T_6","3","green"
"366","0","21","T_7","4","cyan"
"367","0","22","T_8","5","blue"
"368","0","23","T_9","6","purple"
"369","0","24","T_3","0","red"
"370","0","25","T_5","2","yellow"
"371","0","27","T_7","4","cyan"
"372","0","28","T_3","0","red"
"373","0","29","T_8","5","blue"
"374","0","31","T_9","6","purple"
"375","0","32","T_4","1","orange"
"376","0","34","T_6","3","green"
"377","0","35","T_5","2","yellow"
"378","0","36","T_5","2","yellow"
"379","0","37","T_9","6","purple"
"380","0","38","T_6","3","green"
"381","0","40","T_3","0","red"
"382","0","41","T_8","5","blue"
"383","0","42","T_4","1","orange"
"384","0","44","T_7","4","cyan"
"385","0","0","T_3","0","red"
"386","0","1","T_7","4","cyan"
"387","0","4","T_9","6","purple"
"388","0","5","T_8","5","blue"
"389","0","6","T_5","2","yellow"
"390","0","7","T_4","1","orange"
"391","0","8","T_6","3","green"
"392","0","9","T_6","3","green"
"393","0","11","T_9","6","purple"
"394","0","12","T_7","4","cyan"
"395","0","13","T_3","0","red"
"396","0","14","T_8","5","blue"
"397","0","16","T_4","1","orange"
"398","0","17","T_5","2","yellow"
"399","0","18","T_7","4","cyan"
"400","0","20","T_3","0","red"
"401","0","22","T_5","2","yellow"
"402","0","23","T_4","1","orange"
"403","0","24","T_6","3","green"
"404","0","25","T_8","5","blue"
"405","0","26","T_9","6","purple"
"406","0","27","T_4","1","orange"
"407","0","29","T_3","0","red"
"408","0","30","T_8","5","blue"
"409","0","32","T_7","4","cyan"
"410","0","33","T_5","2","yellow"
"411","0","34","T_9","6","purple"
"412","0","35","T_6","3","green"
"413","0","36","T_4","1","orange"
"414","0","37","T_8","5","blue"
"415","0","38","T_3","0","red"
"416","0","39","T_9","6","purple"
"417","0","41","T_6","3","green"
"418","0","43","T_5","2","yellow"
"419","0","44","T_7","4","cyan"
"420","0","0","T_4","1","orange"
"421","0","1","T_5","2","yellow"
"422","0","2","T_8","5","blue"
"423","0","3","T_3","0","red"
"424","0","4","T_7","4","cyan"
"425","0","5","T_9","6","purple"
"426","0","6","T_6","3","green"
"427","0","9","T_5","2","yellow"
"428","0","10","T_8","5","blue"
"429","0","11","T_6","3","green"
"430","0","13","T_7","4","cyan"
"431","0","14","T_9","6","purple"
"432","0","16","T_4","1","orange"
"433","0","17","T_3","0","red"
"434","0","20","T_4","1","orange"
"435","0","21","T_3","0","red"
"436","0","22","T_9","6","purple"
"437","0","23","T_7","4","cyan"
"438","0","24","T_5","2","yellow"
"439","0","25","T_8","5","blue"
"440","0","26","T_6","3","green"
"441","0","27","T_6","3","green"
"442","0","28","T_3","0","red"
"443","0","30","T_5","2","yellow"
"444","0","31","T_4","1","orange"
"445","0","32","T_8","5","blue"
"446","0","33","T_9","6","purple"
"447","0","34","T_7","4","cyan"
"448","0","36","T_9","6","purple"
"449","0","37","T_3","0","red"
"450","0","38","T_5","2","yellow"
"451","0","40","T_8","5","blue"
"452","0","41","T_4","1","orange"
"453","0","42","T_7","4","cyan"
"454","0","44","T_6","3","green"
"455","0","1","T_3","0","red"
"456","0","2","T_7","4","cyan"
"457","0","3","T_9","6","purple"
"458","0","4","T_6","3","green"
"459","0","6","T_8","5","blue"
"460","0","7","T_4","1","orange"
"461","0","8","T_5","2","yellow"
"462","0","9","T_8","5","blue"
"463","0","10","T_7","4","cyan"
"464","0","12","T_3","0","red"
"465","0","13","T_6","3","green"
"466","0","14","T_4","1","orange"
"467","0","15","T_5","2","yellow"
"468","0","16","T_9","6","purple"
"469","0","18","T_6","3","green"
"470","0","20","T_9","6","purple"
"471","0","21","T_7","4","cyan"
"472","0","22","T_4","1","orange"
"473","0","24","T_3","0","red"
"474","0","25","T_5","2","yellow"
"475","0","26","T_8","5","blue"
"476","0","28","T_8","5","blue"
"477","0","29","T_6","3","green"
"478","0","31","T_3","0","red"
"479","0","32","T_7","4","cyan"
"480","0","33","T_9","6","purple"
"481","0","34","T_4","1","orange"
"482","0","35","T_5","2","yellow"
"483","0","36","T_4","1","orange"
"484","0","39","T_6","3","green"
"485","0","40","T_5","2","yellow"
"486","0","41","T_9","6","purple"
"487","0","42","T_8","5","blue"
"488","0","43","T_7","4","cyan"
"489","0","44","T_3","0","red"
"490","0","0","T_8","5","blue"
"491","0","1","T_5","2","yellow"
"492","0","3","T_3","0","red"
"493","0","4","T_9","6","purple"
"494","0","6","T_4","1","orange"
"495","0","7","T_7","4","cyan"
"496","0","8","T_6","3","green"
"497","0","10","T_7","4","cyan"
"498","0","11","T_5","2","yellow"
"499","0","12","T_4","1","orange"
"500","0","13","T_6","3","green"
"501","0","14","T_3","0","red"
"502","0","16","T_8","5","blue"
"503","0","17","T_9","6","purple"
"504","0","18","T_3","0","red"
"505","0","20","T_8","5","blue"
"506","0","21","T_9","6","purple"
"507","0","22","T_6","3","green"
"508","0","23","T_7","4","cyan"
"509","0","25","T_5","2","yellow"
"510","0","26","T_4","1","orange"
"511","0","28","T_9","6","purple"
"512","0","29","T_5","2","yellow"
"513","0","31","T_6","3","green"
"514","0","32","T_7","4","cyan"
"515","0","33","T_8","5","blue"
"516","0","34","T_3","0","red"
"517","0","35","T_4","1","orange"
"518","0","36","T_9","6","purple"
"519","0","38","T_5","2","yellow"
"520","0","39","T_3","0","red"
"521","0","40","T_6","3","green"
"522","0","42","T_7","4","cyan"
"523","0","43","T_4","1","orange"
"524","0","44","T_8","5","blue"
"525","0","0","T_8","5","blue"
"526","0","1","T_6","3","green"
"527","0","2","T_3","0","red"
"528","0","3","T_4","1","orange"
"529","0","5","T_5","2","yellow"
"530","0","6","T_9","6","purple"
"531","0","8","T_7","4","cyan"
"532","0","9","T_7","4","cyan"
"533","0","10","T_4","1","orange"
"534","0","12","T_3","0","red"
"535","0","14","T_6","3","green"
"536","0","15","T_9","6","purple"
"537","0","16","T_8","5","blue"
"538","0","17","T_5","2","yellow"
"539","0","18","T_5","2","yellow"
"540","0","19","T_6","3","green"
"541","0","20","T_9","6","purple"
"542","0","22","T_3","0","red"
"543","0","23","T_7","4","cyan"
"544","0","25","T_4","1","orange"
"545","0","26","T_8","5","blue"
"546","0","28","T_9","6","purple"
"547","0","29","T_4","1","orange"
"548","0","30","T_5","2","yellow"
"549","0","31","T_3","0","red"
"550","0","32","T_8","5","blue"
"551","0","33","T_6","3","green"
"552","0","35","T_7","4","cyan"
"553","0","37","T_9","6","purple"
"554","0","39","T_8","5","blue"
"555","0","40","T_6","3","green"
"556","0","41","T_5","2","yellow"
"557","0","42","T_7","4","cyan"
"558","0","43","T_4","1","orange"
"559","0","44","T_3","0","red"
"560","1","0","T_4","1","orange"
"561","1","1","T_8","5","blue"
"562","1","4","T_7","4","cyan"
"563","1","5","T_5","2","yellow"
"564","1","6","T_9","6","purple"
"565","1","7","T_3","0","red"
"566","1","8","T_6","3","green"
"567","1","9","T_5","2","yellow"
"568","1","10","T_6","3","green"
"569","1","11","T_7","4","cyan"
"570","1","13","T_3","0","red"
"571","1","14","T_9","6","purple"
"572","1","15","T_8","5","blue"
"573","1","16","T_4","1","orange"
"574","1","18","T_7","4","cyan"
"575","1","19","T_9","6","purple"
"576","1","20","T_3","0","red"
"577","1","21","T_8","5","blue"
"578","1","23","T_6","3","green"
"579","1","24","T_4","1","orange"
"580","1","26","T_5","2","yellow"
"581","1","27","T_5","2","yellow"
"582","1","28","T_7","4","cyan"
"583","1","29","T_6","3","green"
"584","1","30","T_4","1","orange"
"585","1","31","T_9","6","purple"
"586","1","32","T_8","5","blue"
"587","1","34","T_3","0","red"
"588","1","36","T_6","3","green"
"589","1","37","T_7","4","cyan"
"590","1","38","T_4","1","orange"
"591","1","39","T_5","2","yellow"
"592","1","40","T_9","6","purple"
"593","1","41","T_8","5","blue"
"594","1","44","T_3","0","red"
"595","1","0","T_8","5","blue"
"596","1","1","T_6","3","green"
"597","1","2","T_5","2","yellow"
"598","1","3","T_3","0","red"
"599","1","6","T_9","6","purple"
"600","1","7","T_7","4","cyan"
"601","1","8","T_4","1","orange"
"602","1","9","T_8","5","blue"
"603","1","10","T_4","1","orange"
"604","1","11","T_9","6","purple"
"605","1","12","T_7","4","cyan"
"606","1","15","T_3","0","red"
"607","1","16","T_6","3","green"
"608","1","17","T_5","2","yellow"
"609","1","0","T_6","3","green"
"610","1","2","T_7","4","cyan"
"611","1","3","T_4","1","orange"
"612","1","4","T_8","5","blue"
"613","1","6","T_5","2","yellow"
"614","1","7","T_9","6","purple"
"615","1","8","T_3","0","red"
"616","1","9","T_3","0","red"
"617","1","12","T_6","3","green"
"618","1","13","T_9","6","purple"
"619","1","14","T_7","4","cyan"
"620","1","15","T_8","5","blue"
"621","1","16","T_5","2","yellow"
"622","1","17","T_4","1","orange"
"623","1","19","T_9","6","purple"
"624","1","20","T_5","2","yellow"
"625","1","21","T_6","3","green"
"626","1","22","T_7","4","cyan"
"627","1","24","T_3","0","red"
"628","1","25","T_8","5","blue"
"629","1","26","T_4","1","orange"
"630","1","0","T_8","5","blue"
"631","1","2","T_3","0","red"
"632","1","3","T_5","2","yellow"
"633","1","4","T_7","4","cyan"
"634","1","5","T_9","6","purple"
"635","1","7","T_4","1","orange"
"636","1","8","T_6","3","green"
"637","1","10","T_9","6","purple"
"638","1","11","T_8","5","blue"
"639","1","12","T_3","0","red"
"640","1","13","T_5","2","yellow"
"641","1","14","T_4","1","orange"
"642","1","15","T_7","4","cyan"
"643","1","16","T_6","3","green"
"644","1","19","T_3","0","red"
"645","1","20","T_6","3","green"
"646","1","21","T_7","4","cyan"
"647","1","22","T_8","5","blue"
"648","1","23","T_5","2","yellow"
"649","1","24","T_9","6","purple"
"650","1","25","T_4","1","orange"
"651","1","27","T_6","3","green"
"652","1","29","T_4","1","orange"
"653","1","30","T_5","2","yellow"
"654","1","31","T_8","5","blue"
"655","1","33","T_7","4","cyan"
"656","1","34","T_9","6","purple"
"657","1","35","T_3","0","red"
"658","1","38","T_9","6","purple"
"659","1","39","T_6","3","green"
"660","1","40","T_7","4","cyan"
"661","1","41","T_4","1","orange"
"662","1","42","T_5","2","yellow"
"663","1","43","T_8","5","blue"
"664","1","44","T_3","0","red"
"665","1","0","T_3","0","red"
"666","1","1","T_8","5","blue"
"667","1","3","T_4","1","orange"
"668","1","4","T_6","3","green"
"669","1","6","T_5","2","yellow"
"670","1","7","T_9","6","purple"
"671","1","8","T_7","4","cyan"
"672","1","9","T_4","1","orange"
"673","1","11","T_5","2","yellow"
"674","1","12","T_8","5","blue"
"675","1","13","T_3","0","red"
"676","1","15","T_7","4","cyan"
"677","1","16","T_9","6","purple"
"678","1","17","T_6","3","green"
"679","1","18","T_6","3","green"
"680","1","19","T_7","4","cyan"
"681","1","20","T_3","0","red"
"682","1","21","T_8","5","blue"
"683","1","23","T_4","1","orange"
"684","1","25","T_5","2","yellow"
"685","1","26","T_9","6","purple"
"686","1","28","T_7","4","cyan"
"687","1","29","T_9","6","purple"
"688","1","31","T_8","5","blue"
"689","1","32","T_6","3","green"
"690","1","33","T_5","2","yellow"
"691","1","34","T_4","1","orange"
"692","1","35","T_3","0","red"
"693","1","36","T_6","3","green"
"694","1","37","T_5","2","yellow"
"695","1","38","T_9","6","purple"
"696","1","41","T_3","0","red"
"697","1","42","T_8","5","blue"
"698","1","43","T_4","1","orange"
"699","1","44","T_7","4","cyan"
"700","1","0","T_8","5","blue"
"701","1","1","T_4","1","orange"
"702","1","2","T_6","3","green"
"703","1","5","T_9","6","purple"
"704","1","6","T_3","0","red"
"705","1","7","T_5","2","yellow"
"706","1","8","T_7","4","cyan"
"707","1","10","T_5","2","yellow"
"708","1","11","T_4","1","orange"
"709","1","12","T_8","5","blue"
"710","1","13","T_7","4","cyan"
"711","1","14","T_3","0","red"
"712","1","15","T_9","6","purple"
"713","1","16","T_6","3","green"
"714","1","18","T_9","6","purple"
"715","1","19","T_3","0","red"
"716","1","21","T_4","1","orange"
"717","1","22","T_5","2","yellow"
"718","1","23","T_6","3","green"
"719","1","24","T_7","4","cyan"
"720","1","25","T_8","5","blue"
"721","1","27","T_4","1","orange"
"722","1","29","T_6","3","green"
"723","1","30","T_7","4","cyan"
"724","1","31","T_3","0","red"
"725","1","32","T_9","6","purple"
"726","1","33","T_5","2","yellow"
"727","1","34","T_8","5","blue"
"728","1","36","T_4","1","orange"
"729","1","39","T_8","5","blue"
"730","1","40","T_5","2","yellow"
"731","1","41","T_3","0","red"
"732","1","42","T_7","4","cyan"
"733","1","43","T_6","3","green"
"734","1","44","T_9","6","purple"
"735","1","0","T_9","6","purple"
"736","1","1","T_7","4","cyan"
"737","1","2","T_3","0","red"
"738","1","4","T_8","5","blue"
"739","1","5","T_4","1","orange"
"740","1","6","T_5","2","yellow"
"741","1","8","T_6","3","green"
"742","1","9","T_6","3","green"
"743","1","10","T_5","2","yellow"
"744","1","11","T_9","6","purple"
"745","1","12","T_7","4","cyan"
"746","1","14","T_4","1","orange"
"747","1","15","T_3","0","red"
"748","1","16","T_8","5","blue"
"749","1","18","T_6","3","green"
"750","1","19","T_9","6","purple"
"751","1","20","T_7","4","cyan"
"752","1","21","T_4","1","orange"
"753","1","23","T_3","0","red"
"754","1","24","T_5","2","yellow"
"755","1","26","T_8","5","blue"
"756","1","27","T_8","5","blue"
"757","1","28","T_9","6","purple"
"758","1","29","T_3","0","red"
"759","1","31","T_4","1","orange"
"760","1","32","T_6","3","green"
"761","1","33","T_5","2","yellow"
"762","1","35","T_7","4","cyan"
"763","1","37","T_3","0","red"
"764","1","38","T_9","6","purple"
"765","1","39","T_5","2","yellow"
"766","1","41","T_4","1","orange"
"767","1","42","T_6","3","green"
"768","1","43","T_7","4","cyan"
"769","1","44","T_8","5","blue"
"770","1","1","T_5","2","yellow"
"771","1","2","T_3","0","red"
"772","1","3","T_4","1","orange"
"773","1","5","T_6","3","green"
"774","1","6","T_9","6","purple"
"775","1","7","T_8","5","blue"
"776","1","8","T_7","4","cyan"
"777","1","9","T_3","0","red"
"778","1","10","T_6","3","green"
"779","1","11","T_8","5","blue"
"780","1","12","T_5","2","yellow"
"781","1","13","T_4","1","orange"
"782","1","14","T_7","4","cyan"
"783","1","16","T_9","6","purple"
"784","1","18","T_9","6","purple"
"785","1","19","T_5","2","yellow"
"786","1","20","T_4","1","orange"
"787","1","22","T_7","4","cyan"
"788","1","23","T_6","3","green"
"789","1","24","T_8","5","blue"
"790","1","26","T_3","0","red"
"791","1","27","T_3","0","red"
"792","1","29","T_5","2","yellow"
"793","1","30","T_4","1","orange"
"794","1","31","T_8","5","blue"
"795","1","32","T_6","3","green"
"796","1","33","T_7","4","cyan"
"797","1","35","T_9","6","purple"
"798","1","36","T_4","1","orange"
"799","1","38","T_8","5","blue"
"800","1","39","T_3","0","red"
"801","1","40","T_7","4","cyan"
"802","1","41","T_9","6","purple"
"803","1","43","T_5","2","yellow"
"804","1","44","T_6","3","green"
"805","1","0","T_7","4","cyan"
"806","1","2","T_3","0","red"
"807","1","3","T_5","2","yellow"
"808","1","4","T_9","6","purple"
"809","1","6","T_8","5","blue"
"810","1","7","T_4","1","orange"
"811","1","8","T_6","3","green"
"812","1","10","T_4","1","orange"
"813","1","11","T_9","6","purple"
"814","1","12","T_6","3","green"
"815","1","13","T_3","0","red"
"816","1","14","T_8","5","blue"
"817","1","15","T_5","2","yellow"
"818","1","16","T_7","4","cyan"
"819","1","18","T_3","0","red"
"820","1","19","T_6","3","green"
"821","1","21","T_5","2","yellow"
"822","1","22","T_4","1","orange"
"823","1","23","T_8","5","blue"
"824","1","24","T_7","4","cyan"
"825","1","26","T_9","6","purple"
"826","1","27","T_6","3","green"
"827","1","28","T_3","0","red"
"828","1","29","T_7","4","cyan"
"829","1","30","T_5","2","yellow"
"830","1","31","T_4","1","orange"
"831","1","32","T_9","6","purple"
"832","1","35","T_8","5","blue"
"833","1","36","T_3","0","red"
"834","1","37","T_6","3","green"
"835","1","38","T_5","2","yellow"
"836","1","39","T_8","5","blue"
"837","1","40","T_4","1","orange"
"838","1","42","T_7","4","cyan"
"839","1","44","T_9","6","purple"
"840","1","0","T_4","1","orange"
"841","1","1","T_3","0","red"
"842","1","2","T_9","6","purple"
"843","1","3","T_8","5","blue"
"844","1","4","T_5","2","yellow"
"845","1","6","T_6","3","green"
"846","1","8","T_7","4","cyan"
"847","1","10","T_7","4","cyan"
"848","1","11","T_9","6","purple"
"849","1","12","T_8","5","blue"
"850","1","13","T_5","2","yellow"
"851","1","14","T_3","0","red"
"852","1","15","T_4","1","orange"
"853","1","17","T_6","3","green"
"854","1","18","T_9","6","purple"
"855","1","19","T_7","4","cyan"
"856","1","20","T_6","3","green"
"857","1","21","T_8","5","blue"
"858","1","22","T_3","0","red"
"859","1","25","T_5","2","yellow"
"860","1","26","T_4","1","orange"
"861","1","29","T_3","0","red"
"862","1","30","T_4","1","orange"
"863","1","31","T_8","5","blue"
"864","1","32","T_5","2","yellow"
"865","1","33","T_7","4","cyan"
"866","1","34","T_9","6","purple"
"867","1","35","T_6","3","green"
"868","1","37","T_9","6","purple"
"869","1","38","T_7","4","cyan"
"870","1","39","T_6","3","green"
"871","1","40","T_4","1","orange"
"872","1","41","T_5","2","yellow"
"873","1","42","T_3","0","red"
"874","1","43","T_8","5","blue"
"875","1","1","T_4","1","orange"
"876","1","2","T_6","3","green"
"877","1","3","T_8","5","blue"
"878","1","4","T_9","6","purple"
"879","1","5","T_3","0","red"
"880","1","7","T_5","2","yellow"
"881","1","8","T_7","4","cyan"
"882","1","9","T_7","4","cyan"
"883","1","10","T_5","2","yellow"
"884","1","12","T_8","5","blue"
"885","1","14","T_6","3","green"
"886","1","15","T_4","1","orange"
"887","1","16","T_3","0","red"
"888","1","17","T_9","6","purple"
"889","1","18","T_6","3","green"
"890","1","19","T_4","1","orange"
"891","1","20","T_9","6","purple"
"892","1","23","T_8","5","blue"
"893","1","24","T_7","4","cyan"
"894","1","25","T_5","2","yellow"
"895","1","26","T_3","0","red"
"896","1","27","T_5","2","yellow"
"897","1","28","T_6","3","green"
"898","1","29","T_3","0","red"
"899","1","31","T_4","1","orange"
"900","1","32","T_7","4","cyan"
"901","1","34","T_8","5","blue"
"902","1","35","T_9","6","purple"
"903","1","36","T_9","6","purple"
"904","1","38","T_4","1","orange"
"905","1","39","T_3","0","red"
"906","1","40","T_8","5","blue"
"907","1","41","T_5","2","yellow"
"908","1","43","T_6","3","green"
"909","1","44","T_7","4","cyan"
"910","1","0","T_9","6","purple"
"911","1","1","T_8","5","blue"
"912","1","2","T_7","4","cyan"
"913","1","3","T_5","2","yellow"
"914","1","6","T_6","3","green"
"915","1","7","T_3","0","red"
"916","1","8","T_4","1","orange"
"917","1","9","T_5","2","yellow"
"918","1","10","T_4","1","orange"
"919","1","12","T_8","5","blue"
"920","1","14","T_6","3","green"
"921","1","15","T_7","4","cyan"
"922","1","16","T_3","0","red"
"923","1","17","T_9","6","purple"
"924","1","18","T_9","6","purple"
"925","1","19","T_3","0","red"
"926","1","20","T_5","2","yellow"
"927","1","21","T_4","1","orange"
"928","1","22","T_8","5","blue"
"929","1","23","T_6","3","green"
"930","1","26","T_7","4","cyan"
"931","1","28","T_4","1","orange"
"932","1","29","T_6","3","green"
"933","1","30","T_8","5","blue"
"934","1","31","T_3","0","red"
"935","1","33","T_7","4","cyan"
"936","1","34","T_5","2","yellow"
"937","1","35","T_9","6","purple"
"938","1","37","T_6","3","green"
"939","1","38","T_8","5","blue"
"940","1","39","T_5","2","yellow"
"941","1","40","T_3","0","red"
"942","1","41","T_7","4","cyan"
"943","1","42","T_4","1","orange"
"944","1","44","T_9","6","purple"
"945","1","0","T_9","6","purple"
"946","1","2","T_4","1","orange"
"947","1","3","T_8","5","blue"
"948","1","4","T_7","4","cyan"
"949","1","5","T_3","0","red"
"950","1","7","T_6","3","green"
"951","1","8","T_5","2","yellow"
"952","1","10","T_6","3","green"
"953","1","11","T_5","2","yellow"
"954","1","12","T_8","5","blue"
"955","1","13","T_7","4","cyan"
"956","1","15","T_9","6","purple"
"957","1","16","T_4","1","orange"
"958","1","17","T_3","0","red"
"959","1","19","T_7","4","cyan"
"960","1","20","T_9","6","purple"
"961","1","21","T_6","3","green"
"962","1","23","T_5","2","yellow"
"963","1","24","T_8","5","blue"
"964","1","25","T_3","0","red"
"965","1","26","T_4","1","orange"
"966","1","27","T_3","0","red"
"967","1","28","T_4","1","orange"
"968","1","29","T_6","3","green"
"969","1","31","T_9","6","purple"
"970","1","32","T_5","2","yellow"
"971","1","34","T_8","5","blue"
"972","1","35","T_7","4","cyan"
"973","1","36","T_6","3","green"
"974","1","37","T_7","4","cyan"
"975","1","38","T_9","6","purple"
"976","1","39","T_8","5","blue"
"977","1","40","T_3","0","red"
"978","1","41","T_4","1","orange"
"979","1","43","T_5","2","yellow"
"980","1","0","T_3","0","red"
"981","1","1","T_9","6","purple"
"982","1","2","T_7","4","cyan"
"983","1","3","T_8","5","blue"
"984","1","5","T_4","1","orange"
"985","1","6","T_5","2","yellow"
"986","1","7","T_6","3","green"
"987","1","10","T_4","1","orange"
"988","1","12","T_9","6","purple"
"989","1","13","T_7","4","cyan"
"990","1","14","T_3","0","red"
"991","1","15","T_5","2","yellow"
"992","1","16","T_6","3","green"
"993","1","17","T_8","5","blue"
"994","1","18","T_3","0","red"
"995","1","19","T_9","6","purple"
"996","1","20","T_6","3","green"
"997","1","21","T_8","5","blue"
"998","1","24","T_4","1","orange"
"999","1","25","T_5","2","yellow"
"1000","1","26","T_7","4","cyan"
"1001","1","27","T_8","5","blue"
"1002","1","28","T_9","6","purple"
"1003","1","29","T_3","0","red"
"1004","1","30","T_4","1","orange"
"1005","1","32","T_7","4","cyan"
"1006","1","33","T_5","2","yellow"
"1007","1","34","T_6","3","green"
"1008","1","36","T_4","1","orange"
"1009","1","37","T_6","3","green"
"1010","1","38","T_7","4","cyan"
"1011","1","39","T_8","5","blue"
"1012","1","41","T_3","0","red"
"1013","1","42","T_5","2","yellow"
"1014","1","44","T_9","6","purple"
"1015","1","0","T_9","6","purple"
"1016","1","2","T_4","1","orange"
"1017","1","3","T_8","5","blue"
"1018","1","5","T_6","3","green"
"1019","1","6","T_5","2","yellow"
"1020","1","7","T_3","0","red"
"1021","1","8","T_7","4","cyan"
"1022","1","9","T_4","1","orange"
"1023","1","10","T_7","4","cyan"
"1024","1","13","T_5","2","yellow"
"1025","1","14","T_6","3","green"
"1026","1","15","T_9","6","purple"
"1027","1","16","T_8","5","blue"
"1028","1","17","T_3","0","red"
"1029","1","18","T_6","3","green"
"1030","1","19","T_3","0","red"
"1031","1","20","T_8","5","blue"
"1032","1","21","T_4","1","orange"
"1033","1","22","T_5","2","yellow"
"1034","1","24","T_7","4","cyan"
"1035","1","25","T_9","6","purple"
"1036","1","27","T_4","1","orange"
"1037","1","28","T_7","4","cyan"
"1038","1","29","T_3","0","red"
"1039","1","31","T_8","5","blue"
"1040","1","32","T_5","2","yellow"
"1041","1","33","T_6","3","green"
"1042","1","34","T_9","6","purple"
"1043","1","36","T_3","0","red"
"1044","1","38","T_5","2","yellow"
"1045","1","40","T_7","4","cyan"
"1046","1","41","T_8","5","blue"
"1047","1","42","T_6","3","green"
"1048","1","43","T_4","1","orange"
"1049","1","44","T_9","6","purple"
"1050","1","0","T_9","6","purple"
"1051","1","1","T_7","4","cyan"
"1052","1","2","T_8","5","blue"
"1053","1","3","T_4","1","orange"
"1054","1","5","T_3","0","red"
"1055","1","6","T_5","2","yellow"
"1056","1","7","T_6","3","green"
"1057","1","9","T_9","6","purple"
"1058","1","11","T_5","2","yellow"
"1059","1","12","T_6","3","green"
"1060","1","13","T_8","5","blue"
"1061","1","14","T_4","1","orange"
"1062","1","15","T_7","4","cyan"
"1063","1","17","T_3","0","red"
"1064","1","18","T_6","3","green"
"1065","1","19","T_7","4","cyan"
"1066","1","20","T_3","0","red"
"1067","1","21","T_5","2","yellow"
"1068","1","24","T_8","5","blue"
"1069","1","25","T_9","6","purple"
"1070","1","26","T_4","1","orange"
"1071","1","27","T_9","6","purple"
"1072","1","29","T_5","2","yellow"
"1073","1","30","T_4","1","orange"
"1074","1","32","T_7","4","cyan"
"1075","1","33","T_8","5","blue"
"1076","1","34","T_6","3","green"
"1077","1","35","T_3","0","red"
"1078","1","36","T_5","2","yellow"
"1079","1","37","T_9","6","purple"
"1080","1","38","T_6","3","green"
"1081","1","39","T_7","4","cyan"
"1082","1","41","T_3","0","red"
"1083","1","42","T_4","1","orange"
"1084","1","43","T_8","5","blue"
"1085","2","2","T_7","4","cyan"
"1086","2","3","T_9","6","purple"
"1087","2","4","T_8","5","blue"
"1088","2","5","T_3","0","red"
"1089","2","6","T_5","2","yellow"
"1090","2","7","T_4","1","orange"
"1091","2","8","T_6","3","green"
"1092","2","10","T_6","3","green"
"1093","2","11","T_7","4","cyan"
"1094","2","12","T_5","2","yellow"
"1095","2","13","T_4","1","orange"
"1096","2","14","T_9","6","purple"
"1097","2","15","T_8","5","blue"
"1098","2","17","T_3","0","red"
"1099","2","18","T_3","0","red"
"1100","2","19","T_9","6","purple"
"1101","2","22","T_5","2","yellow"
"1102","2","23","T_8","5","blue"
"1103","2","24","T_6","3","green"
"1104","2","25","T_7","4","cyan"
"1105","2","26","T_4","1","orange"
"1106","2","27","T_9","6","purple"
"1107","2","29","T_5","2","yellow"
"1108","2","30","T_3","0","red"
"1109","2","31","T_6","3","green"
"1110","2","32","T_4","1","orange"
"1111","2","33","T_8","5","blue"
"1112","2","35","T_7","4","cyan"
"1113","2","37","T_8","5","blue"
"1114","2","38","T_5","2","yellow"
"1115","2","39","T_7","4","cyan"
"1116","2","40","T_3","0","red"
"1117","2","41","T_4","1","orange"
"1118","2","43","T_6","3","green"
"1119","2","44","T_9","6","purple"
"1120","2","0","T_6","3","green"
"1121","2","2","T_3","0","red"
"1122","2","3","T_4","1","orange"
"1123","2","4","T_7","4","cyan"
"1124","2","6","T_8","5","blue"
"1125","2","7","T_9","6","purple"
"1126","2","8","T_5","2","yellow"
"1127","2","9","T_3","0","red"
"1128","2","11","T_9","6","purple"
"1129","2","12","T_4","1","orange"
"1130","2","13","T_5","2","yellow"
"1131","2","14","T_6","3","green"
"1132","2","15","T_7","4","cyan"
"1133","2","17","T_8","5","blue"
"1134","2","0","T_5","2","yellow"
"1135","2","1","T_3","0","red"
"1136","2","2","T_6","3","green"
"1137","2","4","T_7","4","cyan"
"1138","2","6","T_8","5","blue"
"1139","2","7","T_9","6","purple"
"1140","2","8","T_4","1","orange"
"1141","2","9","T_7","4","cyan"
"1142","2","10","T_3","0","red"
"1143","2","11","T_6","3","green"
"1144","2","12","T_8","5","blue"
"1145","2","14","T_5","2","yellow"
"1146","2","15","T_4","1","orange"
"1147","2","16","T_9","6","purple"
"1148","2","18","T_4","1","orange"
"1149","2","19","T_7","4","cyan"
"1150","2","20","T_8","5","blue"
"1151","2","21","T_9","6","purple"
"1152","2","22","T_5","2","yellow"
"1153","2","25","T_6","3","green"
"1154","2","26","T_3","0","red"
"1155","2","27","T_4","1","orange"
"1156","2","28","T_9","6","purple"
"1157","2","30","T_5","2","yellow"
"1158","2","31","T_8","5","blue"
"1159","2","32","T_7","4","cyan"
"1160","2","33","T_3","0","red"
"1161","2","35","T_6","3","green"
"1162","2","37","T_9","6","purple"
"1163","2","38","T_7","4","cyan"
"1164","2","40","T_5","2","yellow"
"1165","2","41","T_8","5","blue"
"1166","2","42","T_3","0","red"
"1167","2","43","T_6","3","green"
"1168","2","44","T_4","1","orange"
"1169","2","1","T_9","6","purple"
"1170","2","2","T_5","2","yellow"
"1171","2","3","T_4","1","orange"
"1172","2","4","T_6","3","green"
"1173","2","5","T_3","0","red"
"1174","2","7","T_7","4","cyan"
"1175","2","8","T_8","5","blue"
"1176","2","10","T_8","5","blue"
"1177","2","11","T_9","6","purple"
"1178","2","12","T_4","1","orange"
"1179","2","13","T_7","4","cyan"
"1180","2","14","T_5","2","yellow"
"1181","2","16","T_6","3","green"
"1182","2","17","T_3","0","red"
"1183","2","19","T_5","2","yellow"
"1184","2","20","T_7","4","cyan"
"1185","2","21","T_8","5","blue"
"1186","2","22","T_4","1","orange"
"1187","2","23","T_6","3","green"
"1188","2","24","T_9","6","purple"
"1189","2","26","T_3","0","red"
"1190","2","27","T_4","1","orange"
"1191","2","29","T_7","4","cyan"
"1192","2","30","T_3","0","red"
"1193","2","32","T_9","6","purple"
"1194","2","33","T_5","2","yellow"
"1195","2","34","T_6","3","green"
"1196","2","35","T_8","5","blue"
"1197","2","36","T_5","2","yellow"
"1198","2","37","T_3","0","red"
"1199","2","39","T_4","1","orange"
"1200","2","41","T_9","6","purple"
"1201","2","42","T_7","4","cyan"
"1202","2","43","T_6","3","green"
"1203","2","44","T_8","5","blue"
"1204","2","1","T_4","1","orange"
"1205","2","3","T_8","5","blue"
"1206","2","4","T_3","0","red"
"1207","2","5","T_7","4","cyan"
"1208","2","6","T_9","6","purple"
"1209","2","7","T_6","3","green"
"1210","2","8","T_5","2","yellow"
"1211","2","9","T_9","6","purple"
"1212","2","11","T_8","5","blue"
"1213","2","12","T_3","0","red"
"1214","2","14","T_7","4","cyan"
"1215","2","15","T_5","2","yellow"
"1216","2","16","T_6","3","green"
"1217","2","17","T_4","1","orange"
"1218","2","18","T_9","6","purple"
"1219","2","19","T_5","2","yellow"
"1220","2","20","T_8","5","blue"
"1221","2","21","T_7","4","cyan"
"1222","2","22","T_6","3","green"
"1223","2","25","T_4","1","orange"
"1224","2","26","T_3","0","red"
"1225","2","28","T_5","2","yellow"
"1226","2","29","T_9","6","purple"
"1227","2","31","T_6","3","green"
"1228","2","32","T_3","0","red"
"1229","2","33","T_8","5","blue"
"1230","2","34","T_4","1","orange"
"1231","2","35","T_7","4","cyan"
"1232","2","36","T_8","5","blue"
"1233","2","37","T_4","1","orange"
"1234","2","38","T_5","2","yellow"
"1235","2","39","T_3","0","red"
"1236","2","40","T_7","4","cyan"
"1237","2","41","T_9","6","purple"
"1238","2","43","T_6","3","green"
"1239","2","1","T_3","0","red"
"1240","2","2","T_5","2","yellow"
"1241","2","3","T_6","3","green"
"1242","2","4","T_8","5","blue"
"1243","2","5","T_9","6","purple"
"1244","2","6","T_7","4","cyan"
"1245","2","7","T_4","1","orange"
"1246","2","10","T_3","0","red"
"1247","2","11","T_8","5","blue"
"1248","2","12","T_7","4","cyan"
"1249","2","13","T_6","3","green"
"1250","2","14","T_9","6","purple"
"1251","2","15","T_5","2","yellow"
"1252","2","17","T_4","1","orange"
"1253","2","18","T_6","3","green"
"1254","2","21","T_8","5","blue"
"1255","2","22","T_9","6","purple"
"1256","2","23","T_3","0","red"
"1257","2","24","T_7","4","cyan"
"1258","2","25","T_5","2","yellow"
"1259","2","26","T_4","1","orange"
"1260","2","27","T_8","5","blue"
"1261","2","28","T_7","4","cyan"
"1262","2","29","T_5","2","yellow"
"1263","2","31","T_9","6","purple"
"1264","2","32","T_4","1","orange"
"1265","2","33","T_6","3","green"
"1266","2","34","T_3","0","red"
"1267","2","36","T_9","6","purple"
"1268","2","38","T_5","2","yellow"
"1269","2","39","T_6","3","green"
"1270","2","40","T_7","4","cyan"
"1271","2","42","T_3","0","red"
"1272","2","43","T_4","1","orange"
"1273","2","44","T_8","5","blue"
"1274","2","0","T_7","4","cyan"
"1275","2","1","T_4","1","orange"
"1276","2","3","T_5","2","yellow"
"1277","2","4","T_9","6","purple"
"1278","2","5","T_8","5","blue"
"1279","2","6","T_6","3","green"
"1280","2","8","T_3","0","red"
"1281","2","9","T_7","4","cyan"
"1282","2","11","T_4","1","orange"
"1283","2","12","T_8","5","blue"
"1284","2","13","T_9","6","purple"
"1285","2","14","T_5","2","yellow"
"1286","2","15","T_3","0","red"
"1287","2","17","T_6","3","green"
"1288","2","19","T_9","6","purple"
"1289","2","20","T_5","2","yellow"
"1290","2","21","T_4","1","orange"
"1291","2","22","T_6","3","green"
"1292","2","23","T_3","0","red"
"1293","2","24","T_8","5","blue"
"1294","2","26","T_7","4","cyan"
"1295","2","27","T_3","0","red"
"1296","2","28","T_4","1","orange"
"1297","2","29","T_7","4","cyan"
"1298","2","30","T_9","6","purple"
"1299","2","31","T_5","2","yellow"
"1300","2","32","T_6","3","green"
"1301","2","33","T_8","5","blue"
"1302","2","37","T_6","3","green"
"1303","2","38","T_7","4","cyan"
"1304","2","39","T_9","6","purple"
"1305","2","40","T_8","5","blue"
"1306","2","41","T_5","2","yellow"
"1307","2","42","T_4","1","orange"
"1308","2","44","T_3","0","red"
"1309","2","0","T_7","4","cyan"
"1310","2","2","T_4","1","orange"
"1311","2","3","T_6","3","green"
"1312","2","4","T_5","2","yellow"
"1313","2","6","T_8","5","blue"
"1314","2","7","T_9","6","purple"
"1315","2","8","T_3","0","red"
"1316","2","9","T_4","1","orange"
"1317","2","10","T_8","5","blue"
"1318","2","11","T_5","2","yellow"
"1319","2","12","T_6","3","green"
"1320","2","13","T_9","6","purple"
"1321","2","15","T_7","4","cyan"
"1322","2","17","T_3","0","red"
"1323","2","20","T_4","1","orange"
"1324","2","21","T_5","2","yellow"
"1325","2","22","T_3","0","red"
"1326","2","23","T_8","5","blue"
"1327","2","24","T_6","3","green"
"1328","2","25","T_7","4","cyan"
"1329","2","26","T_9","6","purple"
"1330","2","27","T_4","1","orange"
"1331","2","29","T_3","0","red"
"1332","2","30","T_6","3","green"
"1333","2","31","T_7","4","cyan"
"1334","2","32","T_8","5","blue"
"1335","2","33","T_9","6","purple"
"1336","2","34","T_5","2","yellow"
"1337","2","36","T_3","0","red"
"1338","2","37","T_6","3","green"
"1339","2","40","T_5","2","yellow"
"1340","2","41","T_4","1","orange"
"1341","2","42","T_9","6","purple"
"1342","2","43","T_7","4","cyan"
"1343","2","44","T_8","5","blue"
"1344","3","0","T_9","6","purple"
"1345","3","1","T_7","4","cyan"
"1346","3","2","T_5","2","yellow"
"1347","3","3","T_8","5","blue"
"1348","3","5","T_3","0","red"
"1349","3","6","T_6","3","green"
"1350","3","7","T_4","1","orange"
"1351","3","9","T_5","2","yellow"
"1352","3","10","T_6","3","green"
"1353","3","11","T_8","5","blue"
"1354","3","13","T_7","4","cyan"
"1355","3","15","T_9","6","purple"
"1356","3","16","T_4","1","orange"
"1357","3","17","T_3","0","red"
"1358","3","18","T_6","3","green"
"1359","3","20","T_3","0","red"
"1360","3","22","T_8","5","blue"
"1361","3","23","T_7","4","cyan"
"1362","3","24","T_4","1","orange"
"1363","3","25","T_9","6","purple"
"1364","3","26","T_5","2","yellow"
"1365","3","27","T_3","0","red"
"1366","3","28","T_5","2","yellow"
"1367","3","29","T_4","1","orange"
"1368","3","31","T_9","6","purple"
"1369","3","32","T_8","5","blue"
"1370","3","34","T_7","4","cyan"
"1371","3","35","T_6","3","green"
"1372","3","36","T_3","0","red"
"1373","3","38","T_5","2","yellow"
"1374","3","39","T_7","4","cyan"
"1375","3","40","T_4","1","orange"
"1376","3","41","T_8","5","blue"
"1377","3","42","T_9","6","purple"
"1378","3","43","T_6","3","green"
"1379","3","0","T_4","1","orange"
"1380","3","1","T_7","4","cyan"
"1381","3","2","T_8","5","blue"
"1382","3","5","T_5","2","yellow"
"1383","3","6","T_9","6","purple"
"1384","3","7","T_3","0","red"
"1385","3","8","T_6","3","green"
"1386","3","9","T_3","0","red"
"1387","3","10","T_9","6","purple"
"1388","3","11","T_4","1","orange"
"1389","3","12","T_7","4","cyan"
"1390","3","13","T_5","2","yellow"
"1391","3","14","T_6","3","green"
"1392","3","15","T_8","5","blue"
"1393","3","18","T_5","2","yellow"
"1394","3","19","T_9","6","purple"
"1395","3","20","T_4","1","orange"
"1396","3","21","T_3","0","red"
"1397","3","23","T_7","4","cyan"
"1398","3","24","T_6","3","green"
"1399","3","26","T_8","5","blue"
"1400","3","27","T_4","1","orange"
"1401","3","28","T_8","5","blue"
"1402","3","31","T_9","6","purple"
"1403","3","32","T_3","0","red"
"1404","3","33","T_6","3","green"
"1405","3","34","T_5","2","yellow"
"1406","3","35","T_7","4","cyan"
"1407","3","36","T_7","4","cyan"
"1408","3","37","T_6","3","green"
"1409","3","38","T_3","0","red"
"1410","3","39","T_9","6","purple"
"1411","3","40","T_5","2","yellow"
"1412","3","42","T_4","1","orange"
"1413","3","43","T_8","5","blue"
"1414","3","1","T_7","4","cyan"
"1415","3","2","T_4","1","orange"
"1416","3","3","T_8","5","blue"
"1417","3","4","T_3","0","red"
"1418","3","5","T_9","6","purple"
"1419","3","7","T_6","3","green"
"1420","3","8","T_5","2","yellow"
"1421","3","9","T_9","6","purple"
"1422","3","10","T_8","5","blue"
"1423","3","11","T_6","3","green"
"1424","3","13","T_7","4","cyan"
"1425","3","14","T_4","1","orange"
"1426","3","15","T_5","2","yellow"
"1427","3","16","T_3","0","red"
"1428","3","18","T_9","6","purple"
"1429","3","19","T_8","5","blue"
"1430","3","21","T_6","3","green"
"1431","3","23","T_3","0","red"
"1432","3","24","T_5","2","yellow"
"1433","3","25","T_4","1","orange"
"1434","3","26","T_7","4","cyan"
"1435","3","27","T_4","1","orange"
"1436","3","28","T_8","5","blue"
"1437","3","30","T_3","0","red"
"1438","3","31","T_9","6","purple"
"1439","3","32","T_6","3","green"
"1440","3","34","T_5","2","yellow"
"1441","3","35","T_7","4","cyan"
"1442","3","36","T_5","2","yellow"
"1443","3","38","T_4","1","orange"
"1444","3","40","T_6","3","green"
"1445","3","41","T_7","4","cyan"
"1446","3","42","T_8","5","blue"
"1447","3","43","T_9","6","purple"
"1448","3","44","T_3","0","red"
"1449","3","1","T_8","5","blue"
"1450","3","2","T_7","4","cyan"
"1451","3","3","T_4","1","orange"
"1452","3","4","T_3","0","red"
"1453","3","5","T_6","3","green"
"1454","3","6","T_9","6","purple"
"1455","3","8","T_5","2","yellow"
"1456","3","9","T_3","0","red"
"1457","3","10","T_6","3","green"
"1458","3","11","T_8","5","blue"
"1459","3","12","T_4","1","orange"
"1460","3","13","T_7","4","cyan"
"1461","3","16","T_9","6","purple"
"1462","3","17","T_5","2","yellow"
"1463","3","19","T_4","1","orange"
"1464","3","20","T_7","4","cyan"
"1465","3","21","T_9","6","purple"
"1466","3","22","T_5","2","yellow"
"1467","3","23","T_8","5","blue"
"1468","3","24","T_3","0","red"
"1469","3","25","T_6","3","green"
"1470","3","27","T_7","4","cyan"
"1471","3","28","T_3","0","red"
"1472","3","29","T_4","1","orange"
"1473","3","30","T_8","5","blue"
"1474","3","32","T_9","6","purple"
"1475","3","34","T_6","3","green"
"1476","3","35","T_5","2","yellow"
"1477","3","36","T_4","1","orange"
"1478","3","37","T_6","3","green"
"1479","3","40","T_5","2","yellow"
"1480","3","41","T_7","4","cyan"
"1481","3","42","T_8","5","blue"
"1482","3","43","T_9","6","purple"
"1483","3","44","T_3","0","red"
"1484","3","0","T_7","4","cyan"
"1485","3","1","T_9","6","purple"
"1486","3","2","T_4","1","orange"
"1487","3","3","T_6","3","green"
"1488","3","4","T_8","5","blue"
"1489","3","5","T_5","2","yellow"
"1490","3","8","T_3","0","red"
"1491","3","10","T_8","5","blue"
"1492","3","11","T_6","3","green"
"1493","3","12","T_4","1","orange"
"1494","3","14","T_5","2","yellow"
"1495","3","15","T_7","4","cyan"
"1496","3","16","T_9","6","purple"
"1497","3","17","T_3","0","red"
"1498","3","18","T_3","0","red"
"1499","3","19","T_4","1","orange"
"1500","3","21","T_5","2","yellow"
"1501","3","22","T_8","5","blue"
"1502","3","23","T_6","3","green"
"1503","3","25","T_7","4","cyan"
"1504","3","26","T_9","6","purple"
"1505","3","27","T_7","4","cyan"
"1506","3","28","T_8","5","blue"
"1507","3","29","T_9","6","purple"
"1508","3","30","T_3","0","red"
"1509","3","32","T_4","1","orange"
"1510","3","33","T_6","3","green"
"1511","3","35","T_5","2","yellow"
"1512","3","36","T_9","6","purple"
"1513","3","37","T_5","2","yellow"
"1514","3","40","T_3","0","red"
"1515","3","41","T_4","1","orange"
"1516","3","42","T_6","3","green"
"1517","3","43","T_7","4","cyan"
"1518","3","44","T_8","5","blue"
"1519","3","1","T_5","2","yellow"
"1520","3","2","T_3","0","red"
"1521","3","3","T_7","4","cyan"
"1522","3","5","T_9","6","purple"
"1523","3","6","T_4","1","orange"
"1524","3","7","T_8","5","blue"
"1525","3","8","T_6","3","green"
"1526","3","9","T_5","2","yellow"
"1527","3","10","T_7","4","cyan"
"1528","3","11","T_4","1","orange"
"1529","3","14","T_6","3","green"
"1530","3","15","T_3","0","red"
"1531","3","16","T_8","5","blue"
"1532","3","17","T_9","6","purple"
"1533","3","19","T_8","5","blue"
"1534","3","20","T_5","2","yellow"
"1535","3","21","T_4","1","orange"
"1536","3","22","T_9","6","purple"
"1537","3","23","T_6","3","green"
"1538","3","24","T_3","0","red"
"1539","3","26","T_7","4","cyan"
"1540","3","27","T_5","2","yellow"
"1541","3","29","T_4","1","orange"
"1542","3","31","T_6","3","green"
"1543","3","32","T_9","6","purple"
"1544","3","33","T_3","0","red"
"1545","3","34","T_8","5","blue"
"1546","3","35","T_7","4","cyan"
"1547","3","36","T_6","3","green"
"1548","3","37","T_5","2","yellow"
"1549","3","38","T_9","6","purple"
"1550","3","39","T_3","0","red"
"1551","3","41","T_7","4","cyan"
"1552","3","42","T_8","5","blue"
"1553","3","44","T_4","1","orange"
"1554","3","0","T_4","1","orange"
"1555","3","2","T_7","4","cyan"
"1556","3","4","T_3","0","red"
"1557","3","5","T_5","2","yellow"
"1558","3","6","T_6","3","green"
"1559","3","7","T_8","5","blue"
"1560","3","8","T_9","6","purple"
"1561","3","9","T_5","2","yellow"
"1562","3","10","T_4","1","orange"
"1563","3","11","T_6","3","green"
"1564","3","12","T_8","5","blue"
"1565","3","14","T_3","0","red"
"1566","3","16","T_7","4","cyan"
"1567","3","17","T_9","6","purple"
"1568","3","18","T_6","3","green"
"1569","3","19","T_8","5","blue"
"1570","3","20","T_7","4","cyan"
"1571","3","21","T_9","6","purple"
"1572","3","23","T_4","1","orange"
"1573","3","25","T_3","0","red"
"1574","3","26","T_5","2","yellow"
"1575","3","27","T_7","4","cyan"
"1576","3","28","T_5","2","yellow"
"1577","3","29","T_8","5","blue"
"1578","3","30","T_3","0","red"
"1579","3","31","T_9","6","purple"
"1580","3","33","T_6","3","green"
"1581","3","35","T_4","1","orange"
"1582","3","36","T_3","0","red"
"1583","3","38","T_4","1","orange"
"1584","3","40","T_6","3","green"
"1585","3","41","T_5","2","yellow"
"1586","3","42","T_8","5","blue"
"1587","3","43","T_9","6","purple"
"1588","3","44","T_7","4","cyan"
"1589","3","0","T_9","6","purple"
"1590","3","1","T_5","2","yellow"
"1591","3","2","T_7","4","cyan"
"1592","3","4","T_8","5","blue"
"1593","3","6","T_6","3","green"
"1594","3","7","T_3","0","red"
"1595","3","8","T_4","1","orange"
"1596","3","9","T_7","4","cyan"
"1597","3","10","T_8","5","blue"
"1598","3","12","T_6","3","green"
"1599","3","13","T_5","2","yellow"
"1600","3","14","T_3","0","red"
"1601","3","16","T_4","1","orange"
"1602","3","17","T_9","6","purple"
"1603","3","19","T_8","5","blue"
"1604","3","20","T_9","6","purple"
"1605","3","22","T_5","2","yellow"
"1606","3","23","T_3","0","red"
"1607","3","24","T_6","3","green"
"1608","3","25","T_7","4","cyan"
"1609","3","26","T_4","1","orange"
"1610","3","27","T_9","6","purple"
"1611","3","28","T_7","4","cyan"
"1612","3","29","T_8","5","blue"
"1613","3","30","T_4","1","orange"
"1614","3","31","T_6","3","green"
"1615","3","33","T_5","2","yellow"
"1616","3","34","T_3","0","red"
"1617","3","38","T_7","4","cyan"
"1618","3","39","T_5","2","yellow"
"1619","3","40","T_9","6","purple"
"1620","3","41","T_3","0","red"
"1621","3","42","T_6","3","green"
"1622","3","43","T_4","1","orange"
"1623","3","44","T_8","5","blue"
"1624","3","0","T_8","5","blue"
"1625","3","1","T_7","4","cyan"
"1626","3","2","T_6","3","green"
"1627","3","3","T_3","0","red"
"1628","3","6","T_4","1","orange"
"1629","3","7","T_9","6","purple"
"1630","3","8","T_5","2","yellow"
"1631","3","9","T_3","0","red"
"1632","3","10","T_7","4","cyan"
"1633","3","11","T_9","6","purple"
"1634","3","12","T_5","2","yellow"
"1635","3","14","T_6","3","green"
"1636","3","15","T_4","1","orange"
"1637","3","17","T_8","5","blue"
"1638","3","18","T_4","1","orange"
"1639","3","19","T_9","6","purple"
"1640","3","20","T_8","5","blue"
"1641","3","21","T_7","4","cyan"
"1642","3","23","T_6","3","green"
"1643","3","25","T_5","2","yellow"
"1644","3","26","T_3","0","red"
"1645","3","27","T_8","5","blue"
"1646","3","28","T_5","2","yellow"
"1647","3","29","T_3","0","red"
"1648","3","30","T_9","6","purple"
"1649","3","32","T_7","4","cyan"
"1650","3","33","T_6","3","green"
"1651","3","35","T_4","1","orange"
"1652","3","36","T_9","6","purple"
"1653","3","37","T_3","0","red"
"1654","3","38","T_4","1","orange"
"1655","3","40","T_5","2","yellow"
"1656","3","41","T_8","5","blue"
"1657","3","42","T_7","4","cyan"
"1658","3","44","T_6","3","green"
"1659","3","0","T_8","5","blue"
"1660","3","3","T_4","1","orange"
"1661","3","4","T_7","4","cyan"
"1662","3","5","T_9","6","purple"
"1663","3","6","T_3","0","red"
"1664","3","7","T_6","3","green"
"1665","3","8","T_5","2","yellow"
"1666","3","9","T_4","1","orange"
"1667","3","11","T_9","6","purple"
"1668","3","12","T_5","2","yellow"
"1669","3","13","T_3","0","red"
"1670","3","14","T_8","5","blue"
"1671","3","15","T_6","3","green"
"1672","3","16","T_7","4","cyan"
"1673","3","18","T_5","2","yellow"
"1674","3","19","T_8","5","blue"
"1675","3","20","T_7","4","cyan"
"1676","3","21","T_4","1","orange"
"1677","3","23","T_6","3","green"
"1678","3","25","T_9","6","purple"
"1679","3","26","T_3","0","red"
"1680","3","28","T_7","4","cyan"
"1681","3","29","T_5","2","yellow"
"1682","3","30","T_8","5","blue"
"1683","3","31","T_9","6","purple"
"1684","3","32","T_6","3","green"
"1685","3","34","T_3","0","red"
"1686","3","35","T_4","1","orange"
"1687","3","36","T_8","5","blue"
"1688","3","37","T_4","1","orange"
"1689","3","38","T_3","0","red"
"1690","3","40","T_7","4","cyan"
"1691","3","41","T_9","6","purple"
"1692","3","43","T_6","3","green"
"1693","3","44","T_5","2","yellow"
"1694","3","0","T_6","3","green"
"1695","3","1","T_9","6","purple"
"1696","3","2","T_5","2","yellow"
"1697","3","3","T_8","5","blue"
"1698","3","5","T_3","0","red"
"1699","3","6","T_7","4","cyan"
"1700","3","8","T_4","1","orange"
"1701","3","10","T_7","4","cyan"
"1702","3","11","T_3","0","red"
"1703","3","12","T_8","5","blue"
"1704","3","13","T_9","6","purple"
"1705","3","14","T_6","3","green"
"1706","3","15","T_5","2","yellow"
"1707","3","16","T_4","1","orange"
"1708","3","18","T_3","0","red"
"1709","3","19","T_8","5","blue"
"1710","3","20","T_5","2","yellow"
"1711","3","21","T_7","4","cyan"
"1712","3","22","T_6","3","green"
"1713","3","24","T_9","6","purple"
"1714","3","25","T_4","1","orange"
"1715","3","27","T_9","6","purple"
"1716","3","29","T_6","3","green"
"1717","3","30","T_7","4","cyan"
"1718","3","32","T_5","2","yellow"
"1719","3","33","T_3","0","red"
"1720","3","34","T_4","1","orange"
"1721","3","35","T_8","5","blue"
"1722","3","37","T_9","6","purple"
"1723","3","38","T_8","5","blue"
"1724","3","40","T_4","1","orange"
"1725","3","41","T_3","0","red"
"1726","3","42","T_6","3","green"
"1727","3","43","T_7","4","cyan"
"1728","3","44","T_5","2","yellow"
"1729","3","0","T_7","4","cyan"
"1730","3","3","T_3","0","red"
"1731","3","4","T_8","5","blue"
"1732","3","5","T_4","1","orange"
"1733","3","6","T_9","6","purple"
"1734","3","7","T_6","3","green"
"1735","3","8","T_5","2","yellow"
"1736","3","9","T_9","6","purple"
"1737","3","11","T_5","2","yellow"
"1738","3","13","T_4","1","orange"
"1739","3","14","T_6","3","green"
"1740","3","15","T_3","0","red"
"1741","3","16","T_7","4","cyan"
"1742","3","17","T_8","5","blue"
"1743","3","18","T_4","1","orange"
"1744","3","20","T_5","2","yellow"
"1745","3","21","T_7","4","cyan"
"1746","3","22","T_3","0","red"
"1747","3","23","T_9","6","purple"
"1748","3","24","T_6","3","green"
"1749","3","26","T_8","5","blue"
"1750","3","27","T_5","2","yellow"
"1751","3","28","T_4","1","orange"
"1752","3","29","T_6","3","green"
"1753","3","30","T_3","0","red"
"1754","3","32","T_7","4","cyan"
"1755","3","33","T_8","5","blue"
"1756","3","34","T_9","6","purple"
"1757","3","36","T_7","4","cyan"
"1758","3","39","T_4","1","orange"
"1759","3","40","T_9","6","purple"
"1760","3","41","T_3","0","red"
"1761","3","42","T_6","3","green"
"1762","3","43","T_5","2","yellow"
"1763","3","44","T_8","5","blue"
"1764","3","1","T_8","5","blue"
"1765","3","2","T_9","6","purple"
"1766","3","3","T_7","4","cyan"
"1767","3","4","T_6","3","green"
"1768","3","5","T_3","0","red"
"1769","3","6","T_4","1","orange"
"1770","3","7","T_5","2","yellow"
"1771","3","10","T_6","3","green"
"1772","3","11","T_8","5","blue"
"1773","3","12","T_9","6","purple"
"1774","3","13","T_4","1","orange"
"1775","3","14","T_7","4","cyan"
"1776","3","16","T_3","0","red"
"1777","3","17","T_5","2","yellow"
"1778","3","18","T_3","0","red"
"1779","3","19","T_4","1","orange"
"1780","3","20","T_9","6","purple"
"1781","3","21","T_8","5","blue"
"1782","3","22","T_6","3","green"
"1783","3","23","T_5","2","yellow"
"1784","3","25","T_7","4","cyan"
"1785","3","27","T_8","5","blue"
"1786","3","29","T_3","0","red"
"1787","3","31","T_6","3","green"
"1788","3","32","T_9","6","purple"
"1789","3","33","T_4","1","orange"
"1790","3","34","T_5","2","yellow"
"1791","3","35","T_7","4","cyan"
"1792","3","36","T_3","0","red"
"1793","3","38","T_6","3","green"
"1794","3","39","T_9","6","purple"
"1795","3","40","T_7","4","cyan"
"1796","3","41","T_5","2","yellow"
"1797","3","42","T_8","5","blue"
"1798","3","44","T_4","1","orange"
"1799","3","0","T_4","1","orange"
"1800","3","1","T_8","5","blue"
"1801","3","3","T_5","2","yellow"
"1802","3","4","T_6","3","green"
"1803","3","5","T_3","0","red"
"1804","3","6","T_7","4","cyan"
"1805","3","8","T_9","6","purple"
"1806","3","9","T_8","5","blue"
"1807","3","10","T_7","4","cyan"
"1808","3","11","T_4","1","orange"
"1809","3","12","T_5","2","yellow"
"1810","3","14","T_9","6","purple"
"1811","3","16","T_3","0","red"
"1812","3","17","T_6","3","green"
"1813","3","18","T_5","2","yellow"
"1814","3","19","T_7","4","cyan"
"1815","3","21","T_3","0","red"
"1816","3","22","T_9","6","purple"
"1817","3","24","T_8","5","blue"
"1818","3","25","T_6","3","green"
"1819","3","26","T_4","1","orange"
"1820","3","27","T_6","3","green"
"1821","3","28","T_9","6","purple"
"1822","3","30","T_7","4","cyan"
"1823","3","31","T_3","0","red"
"1824","3","32","T_4","1","orange"
"1825","3","33","T_8","5","blue"
"1826","3","35","T_5","2","yellow"
"1827","3","36","T_6","3","green"
"1828","3","37","T_9","6","purple"
"1829","3","38","T_5","2","yellow"
"1830","3","39","T_8","5","blue"
"1831","3","40","T_7","4","cyan"
"1832","3","42","T_3","0","red"
"1833","3","44","T_4","1","orange"
"1834","3","0","T_7","4","cyan"
"1835","3","1","T_9","6","purple"
"1836","3","2","T_5","2","yellow"
"1837","3","3","T_3","0","red"
"1838","3","5","T_4","1","orange"
"1839","3","6","T_6","3","green"
"1840","3","7","T_8","5","blue"
"1841","3","9","T_9","6","purple"
"1842","3","11","T_4","1","orange"
"1843","3","12","T_6","3","green"
"1844","3","13","T_7","4","cyan"
"1845","3","14","T_5","2","yellow"
"1846","3","16","T_8","5","blue"
"1847","3","17","T_3","0","red"
"1848","3","18","T_3","0","red"
"1849","3","19","T_4","1","orange"
"1850","3","20","T_7","4","cyan"
"1851","3","21","T_6","3","green"
"1852","3","23","T_5","2","yellow"
"1853","3","24","T_9","6","purple"
"1854","3","25","T_8","5","blue"
"1855","3","29","T_6","3","green"
"1856","3","30","T_3","0","red"
"1857","3","31","T_8","5","blue"
"1858","3","32","T_9","6","purple"
"1859","3","33","T_4","1","orange"
"1860","3","34","T_7","4","cyan"
"1861","3","35","T_5","2","yellow"
"1862","3","36","T_8","5","blue"
"1863","3","38","T_9","6","purple"
"1864","3","39","T_5","2","yellow"
"1865","3","40","T_7","4","cyan"
"1866","3","41","T_3","0","red"
"1867","3","42","T_4","1","orange"
"1868","3","43","T_6","3","green"
"1869","3","0","T_8","5","blue"
"1870","3","1","T_3","0","red"
"1871","3","3","T_6","3","green"
"1872","3","4","T_4","1","orange"
"1873","3","5","T_5","2","yellow"
"1874","3","6","T_9","6","purple"
"1875","3","8","T_7","4","cyan"
"1876","3","10","T_8","5","blue"
"1877","3","11","T_9","6","purple"
"1878","3","13","T_4","1","orange"
"1879","3","14","T_7","4","cyan"
"1880","3","15","T_3","0","red"
"1881","3","16","T_5","2","yellow"
"1882","3","17","T_6","3","green"
"1883","3","18","T_8","5","blue"
"1884","3","19","T_6","3","green"
"1885","3","20","T_9","6","purple"
"1886","3","21","T_3","0","red"
"1887","3","22","T_5","2","yellow"
"1888","3","23","T_7","4","cyan"
"1889","3","25","T_4","1","orange"
"1890","3","27","T_8","5","blue"
"1891","3","28","T_5","2","yellow"
"1892","3","29","T_4","1","orange"
"1893","3","30","T_9","6","purple"
"1894","3","31","T_3","0","red"
"1895","3","32","T_6","3","green"
"1896","3","34","T_7","4","cyan"
"1897","3","36","T_9","6","purple"
"1898","3","37","T_6","3","green"
"1899","3","38","T_5","2","yellow"
"1900","3","39","T_3","0","red"
"1901","3","42","T_7","4","cyan"
"1902","3","43","T_4","1","orange"
"1903","3","44","T_8","5","blue"
"1904","3","0","T_3","0","red"
"1905","3","1","T_7","4","cyan"
"1906","3","2","T_5","2","yellow"
"1907","3","3","T_9","6","purple"
"1908","3","4","T_6","3","green"
"1909","3","7","T_8","5","blue"
"1910","3","8","T_4","1","orange"
"1911","3","9","T_8","5","blue"
"1912","3","11","T_4","1","orange"
"1913","3","13","T_3","0","red"
"1914","3","14","T_9","6","purple"
"1915","3","15","T_7","4","cyan"
"1916","3","16","T_6","3","green"
"1917","3","17","T_5","2","yellow"
"1918","3","18","T_4","1","orange"
"1919","3","19","T_7","4","cyan"
"1920","3","20","T_9","6","purple"
"1921","3","21","T_8","5","blue"
"1922","3","22","T_6","3","green"
"1923","3","23","T_3","0","red"
"1924","3","24","T_5","2","yellow"
"1925","3","28","T_4","1","orange"
"1926","3","29","T_8","5","blue"
"1927","3","30","T_7","4","cyan"
"1928","3","31","T_5","2","yellow"
"1929","3","32","T_6","3","green"
"1930","3","33","T_3","0","red"
"1931","3","35","T_9","6","purple"
"1932","3","38","T_3","0","red"
"1933","3","39","T_7","4","cyan"
"1934","3","40","T_4","1","orange"
"1935","3","41","T_6","3","green"
"1936","3","42","T_8","5","blue"
"1937","3","43","T_5","2","yellow"
"1938","3","44","T_9","6","purple"
"1939","3","0","T_7","4","cyan"
"1940","3","1","T_6","3","green"
"1941","3","2","T_9","6","purple"
"1942","3","3","T_5","2","yellow"
"1943","3","4","T_4","1","orange"
"1944","3","5","T_8","5","blue"
"1945","3","7","T_3","0","red"
"1946","3","9","T_6","3","green"
"1947","3","10","T_5","2","yellow"
"1948","3","11","T_4","1","orange"
"1949","3","13","T_7","4","cyan"
"1950","3","14","T_8","5","blue"
"1951","3","15","T_9","6","purple"
"1952","3","17","T_3","0","red"
"1953","3","19","T_8","5","blue"
"1954","3","20","T_3","0","red"
"1955","3","21","T_6","3","green"
"1956","3","22","T_9","6","purple"
"1957","3","24","T_7","4","cyan"
"1958","3","25","T_4","1","orange"
"1959","3","26","T_5","2","yellow"
"1960","3","27","T_6","3","green"
"1961","3","29","T_9","6","purple"
"1962","3","31","T_4","1","orange"
"1963","3","32","T_7","4","cyan"
"1964","3","33","T_3","0","red"
"1965","3","34","T_5","2","yellow"
"1966","3","35","T_8","5","blue"
"1967","3","36","T_6","3","green"
"1968","3","37","T_5","2","yellow"
"1969","3","39","T_3","0","red"
"1970","3","40","T_7","4","cyan"
"1971","3","41","T_8","5","blue"
"1972","3","42","T_9","6","purple"
"1973","3","44","T_4","1","orange"
"1974","3","0","T_5","2","yellow"
"1975","3","1","T_4","1","orange"
"1976","3","2","T_6","3","green"
"1977","3","3","T_9","6","purple"
"1978","3","4","T_8","5","blue"
"1979","3","5","T_3","0","red"
"1980","3","7","T_7","4","cyan"
"1981","3","10","T_4","1","orange"
"1982","3","12","T_7","4","cyan"
"1983","3","13","T_3","0","red"
"1984","3","14","T_9","6","purple"
"1985","3","15","T_5","2","yellow"
"1986","3","16","T_8","5","blue"
"1987","3","17","T_6","3","green"
"1988","3","18","T_7","4","cyan"
"1989","3","19","T_8","5","blue"
"1990","3","20","T_4","1","orange"
"1991","3","22","T_9","6","purple"
"1992","3","23","T_6","3","green"
"1993","3","24","T_3","0","red"
"1994","3","26","T_5","2","yellow"
"1995","3","27","T_3","0","red"
"1996","3","28","T_8","5","blue"
"1997","3","29","T_6","3","green"
"1998","3","31","T_5","2","yellow"
"1999","3","32","T_4","1","orange"
"2000","3","34","T_7","4","cyan"
"2001","3","35","T_9","6","purple"
"2002","3","36","T_4","1","orange"
"2003","3","37","T_3","0","red"
"2004","3","38","T_6","3","green"
"2005","3","39","T_8","5","blue"
"2006","3","40","T_5","2","yellow"
"2007","3","41","T_7","4","cyan"
"2008","3","44","T_9","6","purple"
"2009","3","0","T_7","4","cyan"
"2010","3","2","T_5","2","yellow"
"2011","3","3","T_4","1","orange"
"2012","3","4","T_3","0","red"
"2013","3","5","T_8","5","blue"
"2014","3","7","T_6","3","green"
"2015","3","8","T_9","6","purple"
"2016","3","9","T_5","2","yellow"
"2017","3","10","T_7","4","cyan"
"2018","3","11","T_6","3","green"
"2019","3","12","T_3","0","red"
"2020","3","13","T_4","1","orange"
"2021","3","14","T_9","6","purple"
"2022","3","15","T_8","5","blue"
"2023","3","18","T_3","0","red"
"2024","3","19","T_6","3","green"
"2025","3","21","T_7","4","cyan"
"2026","3","22","T_9","6","purple"
"2027","3","23","T_8","5","blue"
"2028","3","25","T_4","1","orange"
"2029","3","26","T_5","2","yellow"
"2030","3","27","T_6","3","green"
"2031","3","28","T_9","6","purple"
"2032","3","29","T_4","1","orange"
"2033","3","30","T_7","4","cyan"
"2034","3","32","T_8","5","blue"
"2035","3","34","T_5","2","yellow"
"2036","3","35","T_3","0","red"
"2037","3","36","T_7","4","cyan"
"2038","3","37","T_6","3","green"
"2039","3","39","T_9","6","purple"
"2040","3","40","T_8","5","blue"
"2041","3","41","T_4","1","orange"
"2042","3","42","T_3","0","red"
"2043","3","44","T_5","2","yellow"
"2044","3","0","T_4","1","orange"
"2045","3","1","T_8","5","blue"
"2046","3","3","T_9","6","purple"
"2047","3","4","T_6","3","green"
"2048","3","5","T_3","0","red"
"2049","3","6","T_7","4","cyan"
"2050","3","8","T_5","2","yellow"
"2051","3","9","T_5","2","yellow"
"2052","3","10","T_7","4","cyan"
"2053","3","12","T_4","1","orange"
"2054","3","13","T_9","6","purple"
"2055","3","15","T_3","0","red"
"2056","3","16","T_8","5","blue"
"2057","3","17","T_6","3","green"
"2058","3","18","T_9","6","purple"
"2059","3","19","T_7","4","cyan"
"2060","3","20","T_5","2","yellow"
"2061","3","21","T_3","0","red"
"2062","3","23","T_4","1","orange"
"2063","3","25","T_8","5","blue"
"2064","3","26","T_6","3","green"
"2065","3","27","T_5","2","yellow"
"2066","3","29","T_9","6","purple"
"2067","3","30","T_7","4","cyan"
"2068","3","32","T_3","0","red"
"2069","3","33","T_8","5","blue"
"2070","3","34","T_6","3","green"
"2071","3","35","T_4","1","orange"
"2072","3","36","T_3","0","red"
"2073","3","38","T_6","3","green"
"2074","3","39","T_5","2","yellow"
"2075","3","40","T_7","4","cyan"
"2076","3","41","T_4","1","orange"
"2077","3","42","T_8","5","blue"
"2078","3","44","T_9","6","purple"
"2079","3","0","T_4","1","orange"
"2080","3","1","T_8","5","blue"
"2081","3","2","T_6","3","green"
"2082","3","3","T_7","4","cyan"
"2083","3","4","T_3","0","red"
"2084","3","5","T_5","2","yellow"
"2085","3","8","T_9","6","purple"
"2086","3","9","T_9","6","purple"
"2087","3","10","T_5","2","yellow"
"2088","3","12","T_7","4","cyan"
"2089","3","14","T_8","5","blue"
"2090","3","15","T_6","3","green"
"2091","3","16","T_3","0","red"
"2092","3","17","T_4","1","orange"
"2093","3","20","T_7","4","cyan"
"2094","3","21","T_3","0","red"
"2095","3","22","T_4","1","orange"
"2096","3","23","T_8","5","blue"
"2097","3","24","T_6","3","green"
"2098","3","25","T_5","2","yellow"
"2099","3","26","T_9","6","purple"
"2100","3","28","T_7","4","cyan"
"2101","3","29","T_8","5","blue"
"2102","3","31","T_5","2","yellow"
"2103","3","32","T_3","0","red"
"2104","3","33","T_6","3","green"
"2105","3","34","T_9","6","purple"
"2106","3","35","T_4","1","orange"
"2107","3","36","T_5","2","yellow"
"2108","3","37","T_4","1","orange"
"2109","3","38","T_6","3","green"
"2110","3","39","T_7","4","cyan"
"2111","3","40","T_9","6","purple"
"2112","3","41","T_3","0","red"
"2113","3","44","T_8","5","blue"
"2114","3","0","T_3","0","red"
"2115","3","1","T_6","3","green"
"2116","3","3","T_8","5","blue"
"2117","3","4","T_5","2","yellow"
"2118","3","6","T_7","4","cyan"
"2119","3","7","T_4","1","orange"
"2120","3","8","T_9","6","purple"
"2121","3","9","T_7","4","cyan"
"2122","3","10","T_9","6","purple"
"2123","3","12","T_6","3","green"
"2124","3","13","T_3","0","red"
"2125","3","14","T_4","1","orange"
"2126","3","16","T_8","5","blue"
"2127","3","17","T_5","2","yellow"
"2128","3","18","T_7","4","cyan"
"2129","3","19","T_4","1","orange"
"2130","3","20","T_8","5","blue"
"2131","3","21","T_3","0","red"
"2132","3","22","T_9","6","purple"
"2133","3","24","T_6","3","green"
"2134","3","26","T_5","2","yellow"
"2135","3","27","T_7","4","cyan"
"2136","3","28","T_9","6","purple"
"2137","3","29","T_5","2","yellow"
"2138","3","30","T_3","0","red"
"2139","3","31","T_6","3","green"
"2140","3","32","T_8","5","blue"
"2141","3","33","T_4","1","orange"
"2142","3","36","T_6","3","green"
"2143","3","37","T_5","2","yellow"
"2144","3","38","T_3","0","red"
"2145","3","40","T_8","5","blue"
"2146","3","41","T_4","1","orange"
"2147","3","42","T_7","4","cyan"
"2148","3","43","T_9","6","purple"
"2149","3","0","T_7","4","cyan"
"2150","3","1","T_4","1","orange"
"2151","3","2","T_6","3","green"
"2152","3","4","T_3","0","red"
"2153","3","5","T_8","5","blue"
"2154","3","7","T_9","6","purple"
"2155","3","8","T_5","2","yellow"
"2156","3","9","T_3","0","red"
"2157","3","11","T_5","2","yellow"
"2158","3","12","T_6","3","green"
"2159","3","13","T_4","1","orange"
"2160","3","14","T_7","4","cyan"
"2161","3","16","T_8","5","blue"
"2162","3","17","T_9","6","purple"
"2163","3","19","T_9","6","purple"
"2164","3","20","T_6","3","green"
"2165","3","21","T_3","0","red"
"2166","3","23","T_5","2","yellow"
"2167","3","24","T_8","5","blue"
"2168","3","25","T_7","4","cyan"
"2169","3","26","T_4","1","orange"
"2170","3","27","T_3","0","red"
"2171","3","29","T_7","4","cyan"
"2172","3","30","T_4","1","orange"
"2173","3","31","T_5","2","yellow"
"2174","3","33","T_9","6","purple"
"2175","3","34","T_8","5","blue"
"2176","3","35","T_6","3","green"
"2177","3","37","T_5","2","yellow"
"2178","3","38","T_4","1","orange"
"2179","3","39","T_8","5","blue"
"2180","3","41","T_9","6","purple"
"2181","3","42","T_6","3","green"
"2182","3","43","T_3","0","red"
"2183","3","44","T_7","4","cyan"
"2184","3","0","T_7","4","cyan"
"2185","3","1","T_8","5","blue"
"2186","3","2","T_6","3","green"
"2187","3","3","T_5","2","yellow"
"2188","3","4","T_4","1","orange"
"2189","3","7","T_9","6","purple"
"2190","3","8","T_3","0","red"
"2191","3","9","T_7","4","cyan"
"2192","3","11","T_3","0","red"
"2193","3","12","T_8","5","blue"
"2194","3","14","T_9","6","purple"
"2195","3","15","T_5","2","yellow"
"2196","3","16","T_6","3","green"
"2197","3","17","T_4","1","orange"
"2198","3","18","T_8","5","blue"
"2199","3","19","T_9","6","purple"
"2200","3","21","T_7","4","cyan"
"2201","3","22","T_4","1","orange"
"2202","3","24","T_6","3","green"
"2203","3","25","T_5","2","yellow"
"2204","3","26","T_3","0","red"
"2205","3","27","T_3","0","red"
"2206","3","28","T_7","4","cyan"
"2207","3","31","T_5","2","yellow"
"2208","3","32","T_8","5","blue"
"2209","3","33","T_6","3","green"
"2210","3","34","T_4","1","orange"
"2211","3","35","T_9","6","purple"
"2212","3","36","T_9","6","purple"
"2213","3","39","T_3","0","red"
"2214","3","40","T_5","2","yellow"
"2215","3","41","T_6","3","green"
"2216","3","42","T_4","1","orange"
"2217","3","43","T_7","4","cyan"
"2218","3","44","T_8","5","blue"
"2219","3","0","T_8","5","blue"
"2220","3","2","T_4","1","orange"
"2221","3","3","T_9","6","purple"
"2222","3","5","T_7","4","cyan"
"2223","3","6","T_6","3","green"
"2224","3","7","T_3","0","red"
"2225","3","8","T_5","2","yellow"
"2226","3","9","T_6","3","green"
"2227","3","10","T_9","6","purple"
"2228","3","12","T_5","2","yellow"
"2229","3","13","T_8","5","blue"
"2230","3","14","T_4","1","orange"
"2231","3","16","T_3","0","red"
"2232","3","17","T_7","4","cyan"
"2233","3","19","T_4","1","orange"
"2234","3","20","T_5","2","yellow"
"2235","3","21","T_3","0","red"
"2236","3","23","T_9","6","purple"
"2237","3","24","T_6","3","green"
"2238","3","25","T_7","4","cyan"
"2239","3","26","T_8","5","blue"
"2240","3","27","T_3","0","red"
"2241","3","28","T_6","3","green"
"2242","3","29","T_8","5","blue"
"2243","3","30","T_9","6","purple"
"2244","3","31","T_7","4","cyan"
"2245","3","32","T_4","1","orange"
"2246","3","35","T_5","2","yellow"
"2247","3","36","T_4","1","orange"
"2248","3","37","T_5","2","yellow"
"2249","3","38","T_8","5","blue"
"2250","3","39","T_3","0","red"
"2251","3","42","T_6","3","green"
"2252","3","43","T_7","4","cyan"
"2253","3","44","T_9","6","purple"
"2254","3","0","T_9","6","purple"
"2255","3","2","T_5","2","yellow"
"2256","3","3","T_6","3","green"
"2257","3","4","T_3","0","red"
"2258","3","5","T_4","1","orange"
"2259","3","6","T_7","4","cyan"
"2260","3","7","T_8","5","blue"
"2261","3","9","T_6","3","green"
"2262","3","10","T_7","4","cyan"
"2263","3","12","T_4","1","orange"
"2264","3","13","T_3","0","red"
"2265","3","15","T_9","6","purple"
"2266","3","16","T_5","2","yellow"
"2267","3","17","T_8","5","blue"
"2268","3","19","T_4","1","orange"
"2269","3","21","T_8","5","blue"
"2270","3","22","T_3","0","red"
"2271","3","23","T_5","2","yellow"
"2272","3","24","T_6","3","green"
"2273","3","25","T_7","4","cyan"
"2274","3","26","T_9","6","purple"
"2275","3","27","T_3","0","red"
"2276","3","28","T_4","1","orange"
"2277","3","29","T_8","5","blue"
"2278","3","31","T_6","3","green"
"2279","3","33","T_7","4","cyan"
"2280","3","34","T_5","2","yellow"
"2281","3","35","T_9","6","purple"
"2282","3","38","T_4","1","orange"
"2283","3","39","T_7","4","cyan"
"2284","3","40","T_9","6","purple"
"2285","3","41","T_6","3","green"
"2286","3","42","T_3","0","red"
"2287","3","43","T_8","5","blue"
"2288","3","44","T_5","2","yellow"
"2289","3","0","T_9","6","purple"
"2290","3","1","T_4","1","orange"
"2291","3","2","T_5","2","yellow"
"2292","3","3","T_7","4","cyan"
"2293","3","4","T_6","3","green"
"2294","3","7","T_8","5","blue"
"2295","3","8","T_3","0","red"
"2296","3","10","T_7","4","cyan"
"2297","3","11","T_4","1","orange"
"2298","3","12","T_5","2","yellow"
"2299","3","13","T_9","6","purple"
"2300","3","15","T_3","0","red"
"2301","3","16","T_8","5","blue"
"2302","3","17","T_6","3","green"
"2303","3","18","T_4","1","orange"
"2304","3","19","T_8","5","blue"
"2305","3","20","T_6","3","green"
"2306","3","21","T_9","6","purple"
"2307","3","22","T_5","2","yellow"
"2308","3","23","T_7","4","cyan"
"2309","3","25","T_3","0","red"
"2310","3","27","T_4","1","orange"
"2311","3","28","T_5","2","yellow"
"2312","3","29","T_8","5","blue"
"2313","3","31","T_6","3","green"
"2314","3","32","T_7","4","cyan"
"2315","3","33","T_9","6","purple"
"2316","3","34","T_3","0","red"
"2317","3","36","T_8","5","blue"
"2318","3","37","T_4","1","orange"
"2319","3","38","T_7","4","cyan"
"2320","3","39","T_3","0","red"
"2321","3","40","T_5","2","yellow"
"2322","3","43","T_6","3","green"
"2323","3","44","T_9","6","purple"
"2324","3","0","T_5","2","yellow"
"2325","3","1","T_3","0","red"
"2326","3","2","T_7","4","cyan"
"2327","3","3","T_8","5","blue"
"2328","3","4","T_6","3","green"
"2329","3","5","T_9","6","purple"
"2330","3","6","T_4","1","orange"
"2331","3","9","T_8","5","blue"
"2332","3","10","T_5","2","yellow"
"2333","3","11","T_7","4","cyan"
"2334","3","12","T_9","6","purple"
"2335","3","13","T_4","1","orange"
"2336","3","16","T_6","3","green"
"2337","3","17","T_3","0","red"
"2338","3","19","T_9","6","purple"
"2339","3","20","T_3","0","red"
"2340","3","21","T_6","3","green"
"2341","3","22","T_4","1","orange"
"2342","3","23","T_7","4","cyan"
"2343","3","24","T_8","5","blue"
"2344","3","25","T_5","2","yellow"
"2345","3","28","T_7","4","cyan"
"2346","3","29","T_6","3","green"
"2347","3","30","T_3","0","red"
"2348","3","32","T_5","2","yellow"
"2349","3","33","T_8","5","blue"
"2350","3","34","T_9","6","purple"
"2351","3","35","T_4","1","orange"
"2352","3","36","T_5","2","yellow"
"2353","3","37","T_8","5","blue"
"2354","3","39","T_7","4","cyan"
"2355","3","41","T_4","1","orange"
"2356","3","42","T_9","6","purple"
"2357","3","43","T_6","3","green"
"2358","3","44","T_3","0","red"
