variant,runs,accuracy_mean,accuracy_sd,kappa_mean,kappa_sd,top2_mean,top2_sd,interpretation
Full proposed model,5,0.5305,0.0082,0.4523,0.0095,0.7331,0.0098,Reference full stack.
w/o color-contrastive loss,5,0.5305,0.0082,0.4523,0.0095,0.7331,0.0098,No measurable effect in this configuration.
w/o HSV prototype logits,5,0.5229,0.0140,0.4434,0.0163,0.7280,0.0139,Small top-1 drop.
w/o gated adjacent class query,5,0.5208,0.0137,0.4409,0.0160,0.7360,0.0166,Small top-1 drop; top-2 remains high.
w/o ordered-label terms,5,0.5220,0.0193,0.4424,0.0225,0.7314,0.0212,Combined removal gives mixed top-1 effects but higher label-ring distance errors.
w/o feature-state residual head,5,0.5280,0.0233,0.4493,0.0271,0.7322,0.0183,Near full-stack result.
w/o EMA/checkpoint averaging,5,0.5089,0.0119,0.4271,0.0139,0.7199,0.0172,Largest fixed-split drop.
w/o session-aware SRM,5,0.5305,0.0077,0.4523,0.0090,0.7331,0.0128,Near neutral in this configuration.
no SRM,5,0.5297,0.0050,0.4513,0.0058,0.7339,0.0104,Near neutral in this configuration.
no CAR front-end,5,0.5225,0.0157,0.4429,0.0183,0.7267,0.0097,Small top-1 drop.
