variant,component_tested,paired_seeds,matched_test_labels_and_indices,full_minus_variant_accuracy_delta_pp_mean,full_minus_variant_accuracy_delta_pp_sd,full_minus_variant_accuracy_delta_pp_ci95,accuracy_positive_seeds,accuracy_negative_seeds,accuracy_tied_seeds,accuracy_sign_p,full_minus_variant_kappa_delta_mean,full_minus_variant_kappa_delta_sd,full_minus_variant_kappa_delta_ci95,full_minus_variant_top2_delta_pp_mean,full_minus_variant_top2_delta_pp_sd,full_minus_variant_top2_delta_pp_ci95,full_minus_variant_nonadjacent_error_delta_pp_mean,full_minus_variant_nonadjacent_error_delta_pp_sd,full_minus_variant_nonadjacent_error_delta_pp_ci95,full_minus_variant_circular_distance_delta_mean,full_minus_variant_circular_distance_delta_sd,full_minus_variant_circular_distance_delta_ci95,interpretation
w/o color-contrastive loss,color contrastive objective,5,yes,0.0000,0.0000,0.0000,0,0,5,1.00000,0.0000,0.0000,0.0000,0.0000,0.0000,0.0000,0.0000,0.0000,0.0000,0.0000,0.0000,0.0000,No measurable paired difference in this configuration.
w/o HSV prototype logits,HSV prototype logits,5,yes,0.7627,1.0865,0.9524,3,0,2,0.25000,0.0089,0.0127,0.0111,0.5085,1.2317,1.0797,-0.0424,1.3095,1.1478,-0.0076,0.0308,0.0270,Small directional contribution under the fixed split.
w/o gated adjacent class query,adjacent class-query residual logits,5,yes,0.9746,1.0657,0.9341,4,1,0,0.37500,0.0114,0.0124,0.0109,-0.2966,1.4876,1.3039,0.1695,1.4165,1.2416,-0.0076,0.0208,0.0182,Small directional contribution under the fixed split.
w/o ordered-label terms,ordered-label regularizers,5,yes,0.8475,1.4755,1.2933,3,1,1,0.62500,0.0099,0.0172,0.0151,0.1695,1.7688,1.5504,-0.8475,0.5992,0.5253,-0.0288,0.0221,0.0194,Small directional contribution under the fixed split.
w/o feature-state residual head,feature-state residual head,5,yes,0.2542,1.8914,1.6579,2,2,1,1.00000,0.0030,0.0221,0.0193,0.0847,0.8554,0.7498,-1.0593,1.7081,1.4972,-0.0169,0.0411,0.0360,Mixed paired evidence under the fixed split.
w/o EMA/checkpoint averaging,EMA and checkpoint averaging,5,yes,2.1610,0.7842,0.6874,5,0,0,0.06250,0.0252,0.0091,0.0080,1.3136,1.9325,1.6939,-1.4407,0.9755,0.8551,-0.0428,0.0105,0.0092,Largest directional component contribution under the fixed split.
w/o session/covariance branch,covariance auxiliary features and session-aware SRM,5,yes,1.2712,1.2171,1.0668,4,1,0,0.37500,0.0148,0.0142,0.0125,1.1017,0.8395,0.7358,-1.5254,1.6506,1.4468,-0.0386,0.0345,0.0302,Small directional contribution under the fixed split.
w/o session-aware SRM,session-aware SRM,5,yes,0.0000,0.1498,0.1313,1,1,3,1.00000,0.0000,0.0017,0.0015,0.0000,0.4494,0.3939,0.1271,0.2842,0.2492,0.0034,0.0065,0.0057,Mixed paired evidence under the fixed split.
no SRM,SRM branch,5,yes,0.0847,0.5525,0.4843,2,2,1,1.00000,0.0010,0.0064,0.0056,-0.0847,0.2842,0.2492,-0.1271,0.3849,0.3374,-0.0021,0.0103,0.0090,Mixed paired evidence under the fixed split.
no CAR front-end,session-adaptive CAR front-end,5,yes,0.8051,0.8913,0.7813,4,1,0,0.37500,0.0094,0.0104,0.0091,0.6356,0.5402,0.4735,-0.3390,1.0005,0.8770,-0.0131,0.0226,0.0198,Small directional contribution under the fixed split.
