"protocol","fold_index","seed","proposed_accuracy","deepconvnet_accuracy","accuracy_delta","proposed_kappa","deepconvnet_kappa","kappa_delta","proposed_top2","deepconvnet_top2","top2_delta"
"session-stratified fivefold","0","1","0.519067796610169","0.508474576271186","0.010593220338983","0.439001403229522","0.426635599654423","0.0123658035750991","0.74364406779661","0.718220338983051","0.0254237288135594"
"session-stratified fivefold","0","7","0.536016949152542","0.49364406779661","0.0423728813559322","0.458718430740068","0.409474951578286","0.0492434791617816","0.777542372881356","0.713983050847458","0.0635593220338984"
"session-stratified fivefold","0","21","0.504237288135593","0.495762711864407","0.00847457627118642","0.421707942824232","0.411791810660802","0.00991613216342946","0.75635593220339","0.701271186440678","0.0550847457627118"
"session-stratified fivefold","0","42","0.540254237288136","0.50635593220339","0.0338983050847458","0.463689725048304","0.424200380110682","0.0394893449376214","0.741525423728814","0.722457627118644","0.0190677966101696"
"session-stratified fivefold","0","97","0.519067796610169","0.466101694915254","0.0529661016949152","0.43897496583394","0.377276106509743","0.0616988593241968","0.764830508474576","0.686440677966102","0.0783898305084746"
"session-stratified fivefold","1","1","0.510593220338983","0.49364406779661","0.0169491525423728","0.429050197417341","0.409230640321339","0.0198195570960022","0.735169491525424","0.726694915254237","0.00847457627118653"
"session-stratified fivefold","1","7","0.508474576271186","0.510593220338983","-0.0021186440677966","0.426506478407056","0.428972452079187","-0.00246597367213164","0.735169491525424","0.735169491525424","0"
"session-stratified fivefold","1","21","0.523305084745763","0.451271186440678","0.0720338983050848","0.443842202007824","0.359830751667871","0.0840114503399527","0.75635593220339","0.720338983050847","0.0360169491525424"
"session-stratified fivefold","1","42","0.519067796610169","0.455508474576271","0.0635593220338982","0.438930897970298","0.364804080200659","0.0741268177696393","0.769067796610169","0.728813559322034","0.0402542372881356"
"session-stratified fivefold","1","97","0.525423728813559","0.472457627118644","0.0529661016949153","0.446328512028823","0.384544488141558","0.0617840238872654","0.764830508474576","0.718220338983051","0.0466101694915254"
"session-stratified fivefold","2","1","0.497881355932203","0.440677966101695","0.0572033898305085","0.414208062337009","0.347427847226223","0.0667802151107868","0.718220338983051","0.675847457627119","0.0423728813559322"
"session-stratified fivefold","2","7","0.508474576271186","0.453389830508475","0.0550847457627118","0.426512485336015","0.362218951800856","0.0642935335351591","0.747881355932203","0.701271186440678","0.0466101694915254"
"session-stratified fivefold","2","21","0.529661016949153","0.461864406779661","0.0677966101694916","0.451234648720836","0.372215531235273","0.0790191174855633","0.764830508474576","0.730932203389831","0.0338983050847457"
"session-stratified fivefold","2","42","0.533898305084746","0.478813559322034","0.0550847457627119","0.456175632646221","0.391905480140774","0.0642701525054467","0.752118644067797","0.754237288135593","-0.0021186440677966"
"session-stratified fivefold","2","97","0.508474576271186","0.436440677966102","0.0720338983050847","0.426557533292487","0.342384244709826","0.0841732885826607","0.747881355932203","0.703389830508475","0.0444915254237288"
"session-stratified fivefold","3","1","0.527542372881356","0.48728813559322","0.0402542372881357","0.448774280043362","0.401699194401668","0.0470750856416945","0.754237288135593","0.733050847457627","0.021186440677966"
"session-stratified fivefold","3","7","0.531779661016949","0.502118644067797","0.0296610169491526","0.453703703703704","0.419157537546344","0.0345461661573599","0.760593220338983","0.724576271186441","0.0360169491525424"
"session-stratified fivefold","3","21","0.531779661016949","0.472457627118644","0.0593220338983051","0.453729451749907","0.384476798994449","0.0692526527554586","0.769067796610169","0.735169491525424","0.0338983050847457"
"session-stratified fivefold","3","42","0.50635593220339","0.489406779661017","0.0169491525423729","0.424052621656158","0.404193357461987","0.0198592641941708","0.745762711864407","0.733050847457627","0.0127118644067796"
"session-stratified fivefold","3","97","0.504237288135593","0.491525423728814","0.0127118644067796","0.421595890088137","0.406724625536818","0.014871264551319","0.754237288135593","0.726694915254237","0.027542372881356"
"session-stratified fivefold","4","1","0.526539278131635","0.424628450106157","0.101910828025478","0.447619197879524","0.328583376729947","0.119035821149577","0.764331210191083","0.687898089171974","0.0764331210191084"
"session-stratified fivefold","4","7","0.530785562632696","0.471337579617834","0.059447983014862","0.452579043692282","0.383203079803515","0.0693759638887667","0.745222929936306","0.743099787685775","0.00212314225053079"
"session-stratified fivefold","4","21","0.520169851380042","0.439490445859873","0.0806794055201698","0.440199842229819","0.345943443864669","0.0942563983651492","0.751592356687898","0.707006369426752","0.0445859872611466"
"session-stratified fivefold","4","42","0.481953290870488","0.450106157112527","0.0318471337579618","0.395601274809883","0.358395001341181","0.0372062734687024","0.734607218683652","0.728237791932059","0.00636942675159236"
"session-stratified fivefold","4","97","0.537154989384289","0.464968152866242","0.0721868365180467","0.459981697503918","0.37571269276893","0.0842690047349884","0.743099787685775","0.711252653927813","0.0318471337579618"
