protocol,heldout_session_index,seed,proposed_accuracy,deepconvnet_stabilized_accuracy,accuracy_delta,proposed_kappa,deepconvnet_stabilized_kappa,kappa_delta,proposed_top2,deepconvnet_stabilized_top2,top2_delta
leave-one-session-out,0,1,0.4232142857142857,0.4,0.023214285714285687,0.3270833333333333,0.30000000000000016,0.027083333333333126,0.6785714285714286,0.6482142857142857,0.03035714285714286
leave-one-session-out,0,7,0.4357142857142857,0.42142857142857143,0.01428571428571429,0.34166666666666656,0.32499999999999996,0.016666666666666607,0.6696428571428571,0.6678571428571428,0.0017857142857142794
leave-one-session-out,0,21,0.42678571428571427,0.4035714285714286,0.023214285714285687,0.33125000000000004,0.3041666666666667,0.027083333333333348,0.6517857142857143,0.6482142857142857,0.0035714285714285587
leave-one-session-out,0,42,0.4107142857142857,0.41964285714285715,-0.008928571428571452,0.3125,0.32291666666666663,-0.01041666666666663,0.6678571428571428,0.6589285714285714,0.008928571428571397
leave-one-session-out,0,97,0.4303571428571429,0.39107142857142857,0.03928571428571431,0.3354166666666666,0.2895833333333333,0.04583333333333328,0.6714285714285714,0.6517857142857143,0.019642857142857073
leave-one-session-out,1,1,0.5085714285714286,0.49523809523809526,0.013333333333333308,0.42666666666666664,0.4111111111111111,0.015555555555555545,0.7371428571428571,0.7180952380952381,0.01904761904761898
leave-one-session-out,1,7,0.5104761904761905,0.49714285714285716,0.013333333333333364,0.42888888888888876,0.41333333333333333,0.015555555555555434,0.7333333333333333,0.7447619047619047,-0.011428571428571455
leave-one-session-out,1,21,0.5257142857142857,0.4895238095238095,0.03619047619047616,0.44666666666666666,0.4044444444444445,0.04222222222222216,0.7409523809523809,0.7352380952380952,0.005714285714285672
leave-one-session-out,1,42,0.5047619047619047,0.49714285714285716,0.007619047619047581,0.4222222222222223,0.41333333333333333,0.008888888888888946,0.7390476190476191,0.7295238095238096,0.00952380952380949
leave-one-session-out,1,97,0.5028571428571429,0.47619047619047616,0.026666666666666727,0.42000000000000004,0.38888888888888884,0.0311111111111112,0.7257142857142858,0.7180952380952381,0.007619047619047636
leave-one-session-out,2,1,0.5096525096525096,0.4864864864864865,0.02316602316602312,0.4279279279279279,0.4009009009009009,0.027027027027026973,0.7104247104247104,0.7567567567567568,-0.04633204633204635
leave-one-session-out,2,7,0.525096525096525,0.46332046332046334,0.06177606177606171,0.44594594594594594,0.37387387387387383,0.07207207207207211,0.7297297297297297,0.7413127413127413,-0.01158301158301156
leave-one-session-out,2,21,0.5019305019305019,0.41312741312741313,0.08880308880308879,0.41891891891891897,0.3153153153153153,0.10360360360360366,0.7335907335907336,0.7104247104247104,0.02316602316602312
leave-one-session-out,2,42,0.5019305019305019,0.47876447876447875,0.023166023166023175,0.41891891891891897,0.3918918918918919,0.027027027027027084,0.722007722007722,0.7104247104247104,0.01158301158301156
leave-one-session-out,2,97,0.5135135135135135,0.4671814671814672,0.046332046332046295,0.43243243243243257,0.3783783783783784,0.05405405405405417,0.7644787644787645,0.7413127413127413,0.02316602316602323
leave-one-session-out,3,1,0.4669950738916256,0.4482758620689655,0.018719211822660065,0.3781609195402299,0.3563218390804598,0.02183908045977012,0.7083743842364532,0.6719211822660098,0.03645320197044333
leave-one-session-out,3,7,0.48177339901477834,0.4374384236453202,0.04433497536945813,0.39540229885057476,0.3436781609195402,0.051724137931034586,0.7152709359605911,0.6945812807881774,0.020689655172413723
leave-one-session-out,3,21,0.49261083743842365,0.45123152709359604,0.04137931034482761,0.40804597701149414,0.35977011494252875,0.04827586206896539,0.7369458128078817,0.6798029556650246,0.05714285714285716
leave-one-session-out,3,42,0.470935960591133,0.4768472906403941,-0.005911330049261088,0.38275862068965527,0.3896551724137931,-0.006896551724137834,0.7201970443349753,0.7152709359605911,0.0049261083743842304
leave-one-session-out,3,97,0.4857142857142857,0.4463054187192118,0.0394088669950739,0.4,0.3540229885057471,0.04597701149425293,0.7182266009852217,0.6926108374384237,0.025615763546798065
