"protocol","heldout_session_index","seed","proposed_accuracy","deepconvnet_accuracy","accuracy_delta","proposed_kappa","deepconvnet_kappa","kappa_delta","proposed_top2","deepconvnet_top2","top2_delta"
"leave-one-session-out","0","1","0.4232142857142857","0.4285714285714285","-0.005357142857142783","0.3270833333333333","0.3333333333333333","-0.006250000000000033","0.6785714285714286","0.6625","0.016071428571428625"
"leave-one-session-out","1","1","0.5085714285714286","0.4723809523809524","0.03619047619047616","0.4266666666666666","0.3844444444444445","0.042222222222222106","0.7371428571428571","0.7219047619047619","0.015238095238095162"
"leave-one-session-out","2","1","0.5096525096525096","0.5057915057915058","0.0038610038610038533","0.4279279279279279","0.4234234234234233","0.0045045045045045695","0.7104247104247104","0.7142857142857143","-0.0038610038610038533"
"leave-one-session-out","3","1","0.4669950738916256","0.4630541871921182","0.003940886699507373","0.3781609195402299","0.3735632183908046","0.004597701149425315","0.7083743842364532","0.683743842364532","0.024630541871921152"
"leave-one-session-out","0","7","0.4357142857142857","0.4178571428571428","0.017857142857142905","0.3416666666666665","0.3208333333333333","0.020833333333333204","0.6696428571428571","0.6428571428571429","0.02678571428571419"
"leave-one-session-out","1","7","0.5104761904761905","0.4704761904761905","0.040000000000000036","0.4288888888888887","0.3822222222222223","0.04666666666666641","0.7333333333333333","0.7028571428571428","0.030476190476190435"
"leave-one-session-out","2","7","0.525096525096525","0.4517374517374517","0.07335907335907332","0.4459459459459459","0.3603603603603603","0.0855855855855856","0.7297297297297297","0.7065637065637066","0.02316602316602312"
"leave-one-session-out","3","7","0.4817733990147783","0.438423645320197","0.04334975369458127","0.3954022988505747","0.3448275862068966","0.05057471264367813","0.7152709359605911","0.677832512315271","0.03743842364532013"
"leave-one-session-out","0","21","0.4267857142857142","0.4107142857142857","0.016071428571428514","0.33125","0.3124999999999999","0.0187500000000001","0.6517857142857143","0.6285714285714286","0.023214285714285743"
"leave-one-session-out","1","21","0.5257142857142857","0.5028571428571429","0.022857142857142798","0.4466666666666666","0.42","0.026666666666666616","0.7409523809523809","0.700952380952381","0.039999999999999925"
"leave-one-session-out","2","21","0.5019305019305019","0.4247104247104247","0.07722007722007723","0.4189189189189189","0.3288288288288289","0.09009009009009","0.7335907335907336","0.6911196911196911","0.0424710424710425"
"leave-one-session-out","3","21","0.4926108374384236","0.4433497536945813","0.049261083743842304","0.4080459770114941","0.3505747126436781","0.057471264367815966","0.7369458128078817","0.6807881773399015","0.05615763546798025"
"leave-one-session-out","0","42","0.4107142857142857","0.3714285714285714","0.03928571428571431","0.3125","0.2666666666666667","0.04583333333333328","0.6678571428571428","0.6571428571428571","0.010714285714285676"
"leave-one-session-out","1","42","0.5047619047619047","0.5257142857142857","-0.020952380952380945","0.4222222222222223","0.4466666666666666","-0.024444444444444324","0.7390476190476191","0.7314285714285714","0.007619047619047636"
"leave-one-session-out","2","42","0.5019305019305019","0.4749034749034749","0.02702702702702703","0.4189189189189189","0.3873873873873874","0.03153153153153149","0.722007722007722","0.7104247104247104","0.01158301158301156"
"leave-one-session-out","3","42","0.470935960591133","0.4374384236453202","0.03349753694581281","0.3827586206896552","0.3436781609195402","0.03908045977011504","0.7201970443349753","0.6945812807881774","0.025615763546797954"
"leave-one-session-out","0","97","0.4303571428571429","0.4214285714285714","0.008928571428571508","0.3354166666666666","0.3249999999999999","0.010416666666666685","0.6714285714285714","0.6928571428571428","-0.021428571428571463"
"leave-one-session-out","1","97","0.5028571428571429","0.4990476190476191","0.003809523809523818","0.42","0.4155555555555555","0.004444444444444473","0.7257142857142858","0.7161904761904762","0.009523809523809601"
"leave-one-session-out","2","97","0.5135135135135135","0.4247104247104247","0.08880308880308879","0.4324324324324325","0.3288288288288288","0.10360360360360371","0.7644787644787645","0.7065637065637066","0.05791505791505791"
"leave-one-session-out","3","97","0.4857142857142857","0.4443349753694581","0.04137931034482761","0.4","0.3517241379310345","0.0482758620689655","0.7182266009852217","0.6857142857142857","0.03251231527093601"
