protocol,fold_index,seed,proposed_accuracy,deepconvnet_stabilized_accuracy,accuracy_delta,proposed_kappa,deepconvnet_stabilized_kappa,kappa_delta,proposed_top2,deepconvnet_stabilized_top2,top2_delta
session-stratified fivefold,0,1,0.5190677966101694,0.5,0.01906779661016944,0.4390014032295222,0.4167194658986778,0.02228193733084438,0.7436440677966102,0.7266949152542372,0.016949152542372947
session-stratified fivefold,0,7,0.5360169491525424,0.4830508474576271,0.05296610169491528,0.4587184307400678,0.3970640588025883,0.06165437193747947,0.777542372881356,0.7097457627118644,0.06779661016949157
session-stratified fivefold,0,21,0.5042372881355932,0.4894067796610169,0.014830508474576287,0.42170794282423163,0.4044460267431754,0.017261916081056206,0.7563559322033898,0.711864406779661,0.044491525423728806
session-stratified fivefold,0,42,0.5402542372881356,0.4872881355932203,0.05296610169491528,0.46368972504830375,0.401959193076331,0.06173053197197276,0.7415254237288136,0.7161016949152542,0.025423728813559365
session-stratified fivefold,0,97,0.5190677966101694,0.5233050847457628,-0.00423728813559332,0.4389749658339399,0.44389753471713134,-0.004922568883191425,0.7648305084745762,0.7372881355932204,0.02754237288135586
session-stratified fivefold,1,1,0.510593220338983,0.5190677966101694,-0.008474576271186418,0.4290501974173413,0.4388838846178017,-0.009833687200460406,0.7351694915254238,0.75,-0.014830508474576232
session-stratified fivefold,1,7,0.5084745762711864,0.5254237288135594,-0.016949152542372947,0.4265064784070556,0.44634300885511846,-0.019836530448062883,0.7351694915254238,0.7436440677966102,-0.008474576271186418
session-stratified fivefold,1,21,0.5233050847457628,0.4872881355932203,0.03601694915254244,0.44384220200782387,0.40181199266823786,0.04203020933958601,0.7563559322033898,0.7245762711864406,0.03177966101694918
session-stratified fivefold,1,42,0.5190677966101694,0.4957627118644068,0.02330508474576265,0.43893089797029805,0.4117579292974253,0.027172968672872777,0.7690677966101694,0.75,0.01906779661016944
session-stratified fivefold,1,97,0.5254237288135594,0.4703389830508475,0.055084745762711884,0.4463285120288232,0.38212131367292224,0.06420719835590094,0.7648305084745762,0.7055084745762712,0.05932203389830504
session-stratified fivefold,2,1,0.4978813559322034,0.4533898305084746,0.044491525423728806,0.41420806233700946,0.3622289724520793,0.05197908988493016,0.7182203389830508,0.7182203389830508,0.0
session-stratified fivefold,2,7,0.5084745762711864,0.4682203389830508,0.0402542372881356,0.4265124853360148,0.379510089926833,0.04700239540918183,0.7478813559322034,0.739406779661017,0.008474576271186418
session-stratified fivefold,2,21,0.5296610169491526,0.4576271186440678,0.07203389830508478,0.45123464872083585,0.3671066415252462,0.08412800719558966,0.7648305084745762,0.690677966101695,0.07415254237288127
session-stratified fivefold,2,42,0.5338983050847458,0.4766949152542373,0.05720338983050849,0.45617563264622096,0.3893919793014229,0.06678365334479808,0.7521186440677966,0.7139830508474576,0.03813559322033899
session-stratified fivefold,2,97,0.5084745762711864,0.4682203389830508,0.0402542372881356,0.4265575332924868,0.3795068401315651,0.0470506931609217,0.7478813559322034,0.7309322033898306,0.016949152542372836
session-stratified fivefold,3,1,0.527542372881356,0.5042372881355932,0.02330508474576276,0.4487742800433623,0.4215595393341399,0.027214740709222363,0.7542372881355932,0.739406779661017,0.014830508474576232
session-stratified fivefold,3,7,0.5317796610169492,0.4724576271186441,0.05932203389830509,0.4537037037037037,0.38450258709177365,0.06920111661193007,0.760593220338983,0.75,0.010593220338983023
session-stratified fivefold,3,21,0.5317796610169492,0.4830508474576271,0.04872881355932207,0.4537294517499071,0.39680195255828077,0.05692749919162632,0.7690677966101694,0.722457627118644,0.04661016949152541
session-stratified fivefold,3,42,0.5063559322033898,0.4957627118644068,0.010593220338983023,0.42405262165615776,0.4115576415371076,0.012494980119050147,0.7457627118644068,0.7288135593220338,0.016949152542372947
session-stratified fivefold,3,97,0.5042372881355932,0.5169491525423728,-0.012711864406779627,0.4215958900881369,0.43640610434363647,-0.014810214255499554,0.7542372881355932,0.7330508474576272,0.021186440677966045
session-stratified fivefold,4,1,0.5265392781316348,0.4840764331210191,0.0424628450106157,0.4476191978795241,0.3980719875462807,0.049547210333243386,0.7643312101910829,0.7346072186836518,0.029723991507431102
session-stratified fivefold,4,7,0.5307855626326964,0.49256900212314225,0.03821656050955413,0.45257904369228186,0.4079833811038943,0.04459566258838754,0.7452229299363057,0.7282377919320594,0.01698513800424628
session-stratified fivefold,4,21,0.5201698513800425,0.4585987261146497,0.06157112526539277,0.44019984222981856,0.36829066886870354,0.07190917336111502,0.7515923566878981,0.6942675159235668,0.05732484076433131
session-stratified fivefold,4,42,0.4819532908704883,0.4968152866242038,-0.014861995753715496,0.39560127480988294,0.4129344076068664,-0.017333132796983453,0.7346072186836518,0.7430997876857749,-0.00849256900212314
session-stratified fivefold,4,97,0.5371549893842887,0.46709129511677283,0.07006369426751591,0.45998169750391826,0.37816712866287605,0.08181456884104221,0.7430997876857749,0.7048832271762208,0.03821656050955413
