true_class,predicted_class,count,row_rate,is_correct,ring_distance,hue_distance_deg,abs_yrel_diff,abs_value_diff,abs_saturation_diff
red,red,54,0.805970,1,0,0.000,0.000000,0.000000,0.000000
red,orange,4,0.059701,0,1,30.000,0.154400,0.000000,0.000000
red,yellow,2,0.029851,0,2,60.000,0.715200,0.000000,0.000000
red,green,3,0.044776,0,3,120.000,0.058200,0.500000,0.000000
red,cyan,2,0.029851,0,3,180.000,0.574800,0.000000,0.000000
red,blue,2,0.029851,0,2,120.000,0.140400,0.000000,0.000000
red,purple,0,0.000000,0,1,60.000,0.151100,0.500000,0.000000
orange,red,15,0.223881,0,1,30.000,0.154400,0.000000,0.000000
orange,orange,33,0.492537,1,0,0.000,0.000000,0.000000,0.000000
orange,yellow,9,0.134328,0,1,30.000,0.560800,0.000000,0.000000
orange,green,1,0.014925,0,2,90.000,0.212600,0.500000,0.000000
orange,cyan,3,0.044776,0,3,150.000,0.420400,0.000000,0.000000
orange,blue,4,0.059701,0,3,150.000,0.294800,0.000000,0.000000
orange,purple,2,0.029851,0,2,90.000,0.305500,0.500000,0.000000
yellow,red,1,0.014925,0,2,60.000,0.715200,0.000000,0.000000
yellow,orange,14,0.208955,0,1,30.000,0.560800,0.000000,0.000000
yellow,yellow,37,0.552239,1,0,0.000,0.000000,0.000000,0.000000
yellow,green,1,0.014925,0,1,60.000,0.773400,0.500000,0.000000
yellow,cyan,5,0.074627,0,2,120.000,0.140400,0.000000,0.000000
yellow,blue,6,0.089552,0,3,180.000,0.855600,0.000000,0.000000
yellow,purple,3,0.044776,0,3,120.000,0.866300,0.500000,0.000000
green,red,0,0.000000,0,3,120.000,0.058200,0.500000,0.000000
green,orange,2,0.029412,0,2,90.000,0.212600,0.500000,0.000000
green,yellow,6,0.088235,0,1,60.000,0.773400,0.500000,0.000000
green,green,35,0.514706,1,0,0.000,0.000000,0.000000,0.000000
green,cyan,6,0.088235,0,1,60.000,0.633000,0.500000,0.000000
green,blue,10,0.147059,0,2,120.000,0.082200,0.500000,0.000000
green,purple,9,0.132353,0,3,180.000,0.092900,0.000000,0.000000
cyan,red,0,0.000000,0,3,180.000,0.574800,0.000000,0.000000
cyan,orange,4,0.058824,0,3,150.000,0.420400,0.000000,0.000000
cyan,yellow,6,0.088235,0,2,120.000,0.140400,0.000000,0.000000
cyan,green,5,0.073529,0,1,60.000,0.633000,0.500000,0.000000
cyan,cyan,43,0.632353,1,0,0.000,0.000000,0.000000,0.000000
cyan,blue,5,0.073529,0,1,60.000,0.715200,0.000000,0.000000
cyan,purple,5,0.073529,0,2,120.000,0.725900,0.500000,0.000000
blue,red,5,0.074627,0,2,120.000,0.140400,0.000000,0.000000
blue,orange,4,0.059701,0,3,150.000,0.294800,0.000000,0.000000
blue,yellow,5,0.074627,0,3,180.000,0.855600,0.000000,0.000000
blue,green,8,0.119403,0,2,120.000,0.082200,0.500000,0.000000
blue,cyan,1,0.014925,0,1,60.000,0.715200,0.000000,0.000000
blue,blue,33,0.492537,1,0,0.000,0.000000,0.000000,0.000000
blue,purple,11,0.164179,0,1,60.000,0.010700,0.500000,0.000000
purple,red,0,0.000000,0,1,60.000,0.151100,0.500000,0.000000
purple,orange,2,0.029412,0,2,90.000,0.305500,0.500000,0.000000
purple,yellow,10,0.147059,0,3,120.000,0.866300,0.500000,0.000000
purple,green,13,0.191176,0,3,180.000,0.092900,0.000000,0.000000
purple,cyan,7,0.102941,0,2,120.000,0.725900,0.500000,0.000000
purple,blue,6,0.088235,0,1,60.000,0.010700,0.500000,0.000000
purple,purple,30,0.441176,1,0,0.000,0.000000,0.000000,0.000000
