method,seed,split_seed,val_seed,selection_split,source_train_samples,source_validation_samples,target_train_samples,target_validation_samples,target_test_samples,accuracy,kappa,top2,chance_accuracy,accuracy_delta_vs_chance_pp
Sub2 target-only,1,42,2026,target_val,,,224,56,70,0.21428571428571427,0.08333333333333337,0.42857142857142855,0.14285714285714285,7.1429
Sub2 target-only,7,42,2026,target_val,,,224,56,70,0.35714285714285715,0.25,0.4714285714285714,0.14285714285714285,21.4286
Sub2 target-only,21,42,2026,target_val,,,224,56,70,0.32857142857142857,0.21666666666666667,0.5285714285714286,0.14285714285714285,18.5714
Sub2 target-only,42,42,2026,target_val,,,224,56,70,0.35714285714285715,0.2499999999999999,0.5,0.14285714285714285,21.4286
Sub2 target-only,97,42,2026,target_val,,,224,56,70,0.35714285714285715,0.25,0.5428571428571428,0.14285714285714285,21.4286
Sub1 source-only,1,42,2026,source_val,1887,472,0,0,70,0.17142857142857143,0.033333333333333326,0.2857142857142857,0.14285714285714285,2.8571
Sub1 source-only,7,42,2026,source_val,1887,472,0,0,70,0.18571428571428572,0.04999999999999993,0.3,0.14285714285714285,4.2857
Sub1 source-only,21,42,2026,source_val,1887,472,0,0,70,0.15714285714285714,0.016666666666666496,0.22857142857142856,0.14285714285714285,1.4286
Sub1 source-only,42,42,2026,source_val,1887,472,0,0,70,0.17142857142857143,0.033333333333333326,0.2714285714285714,0.14285714285714285,2.8571
Sub1 source-only,97,42,2026,source_val,1887,472,0,0,70,0.17142857142857143,0.033333333333333326,0.2857142857142857,0.14285714285714285,2.8571
Sub1 pretrain + Sub2 fine-tune,1,42,2026,target_val,1887,472,224,56,70,0.18571428571428572,0.050000000000000044,0.32857142857142857,0.14285714285714285,4.2857
Sub1 pretrain + Sub2 fine-tune,7,42,2026,target_val,1887,472,224,56,70,0.18571428571428572,0.050000000000000044,0.3,0.14285714285714285,4.2857
Sub1 pretrain + Sub2 fine-tune,21,42,2026,target_val,1887,472,224,56,70,0.17142857142857143,0.033333333333333326,0.32857142857142857,0.14285714285714285,2.8571
Sub1 pretrain + Sub2 fine-tune,42,42,2026,target_val,1887,472,224,56,70,0.2714285714285714,0.1499999999999999,0.4857142857142857,0.14285714285714285,12.8571
Sub1 pretrain + Sub2 fine-tune,97,42,2026,target_val,1887,472,224,56,70,0.18571428571428572,0.050000000000000044,0.2857142857142857,0.14285714285714285,4.2857
Sub1+Sub2 pooled supervised,1,42,2026,target_val,1887,472,224,56,70,0.21428571428571427,0.08333333333333337,0.4142857142857143,0.14285714285714285,7.1429
Sub1+Sub2 pooled supervised,7,42,2026,target_val,1887,472,224,56,70,0.2571428571428571,0.1333333333333333,0.44285714285714284,0.14285714285714285,11.4286
Sub1+Sub2 pooled supervised,21,42,2026,target_val,1887,472,224,56,70,0.21428571428571427,0.08333333333333337,0.37142857142857144,0.14285714285714285,7.1429
Sub1+Sub2 pooled supervised,42,42,2026,target_val,1887,472,224,56,70,0.22857142857142856,0.09999999999999998,0.4,0.14285714285714285,8.5714
Sub1+Sub2 pooled supervised,97,42,2026,target_val,1887,472,224,56,70,0.22857142857142856,0.09999999999999987,0.4714285714285714,0.14285714285714285,8.5714
Sub1+Sub2 SSL + Sub2 fine-tune,1,42,2026,target_val,1887,472,224,56,70,0.3142857142857143,0.19999999999999996,0.4857142857142857,0.14285714285714285,17.1429
Sub1+Sub2 SSL + Sub2 fine-tune,7,42,2026,target_val,1887,472,224,56,70,0.34285714285714286,0.2333333333333334,0.4714285714285714,0.14285714285714285,20.0000
Sub1+Sub2 SSL + Sub2 fine-tune,21,42,2026,target_val,1887,472,224,56,70,0.2857142857142857,0.16666666666666663,0.4857142857142857,0.14285714285714285,14.2857
Sub1+Sub2 SSL + Sub2 fine-tune,42,42,2026,target_val,1887,472,224,56,70,0.2571428571428571,0.1333333333333333,0.5142857142857142,0.14285714285714285,11.4286
Sub1+Sub2 SSL + Sub2 fine-tune,97,42,2026,target_val,1887,472,224,56,70,0.24285714285714285,0.1166666666666667,0.44285714285714284,0.14285714285714285,10.0000
Sub2 SSL + fine-tune,1,42,2026,target_val,,,224,56,70,0.3,0.18333333333333335,0.45714285714285713,0.14285714285714285,15.7143
Sub2 SSL + fine-tune,7,42,2026,target_val,,,224,56,70,0.32857142857142857,0.21666666666666679,0.4714285714285714,0.14285714285714285,18.5714
Sub2 SSL + fine-tune,21,42,2026,target_val,,,224,56,70,0.2857142857142857,0.16666666666666663,0.44285714285714284,0.14285714285714285,14.2857
Sub2 SSL + fine-tune,42,42,2026,target_val,,,224,56,70,0.32857142857142857,0.21666666666666645,0.4857142857142857,0.14285714285714285,18.5714
Sub2 SSL + fine-tune,97,42,2026,target_val,,,224,56,70,0.35714285714285715,0.2499999999999999,0.5142857142857142,0.14285714285714285,21.4286
